time,flux,flux_err,quality
2447.701441849146,0.993003249168396,0.011476226150989532,0
2447.7083868737145,0.9879178404808044,0.011476226150989532,0
2447.7153318973683,0.9918887615203857,0.011476226150989532,0
2447.722276920167,0.9699996709823608,0.011476226150989532,0
2447.7292219429664,0.9983607530593872,0.011476226150989532,0
2447.7361669657666,1.0060510635375977,0.011476226150989532,0
2447.7500570113666,0.9935080409049988,0.011476226150989532,0
2447.757002033252,0.9952728152275085,0.011476226150989532,0
2447.7639470542836,1.004941463470459,0.011476226150989532,0
2447.7708920753153,1.0005730390548706,0.011476226150989532,0
2447.777837096346,0.980438232421875,0.011476226150989532,0
2447.791727138409,1.0102601051330566,0.011476226150989532,0
2447.7986721585316,1.0030490159988403,0.011476226150989532,0
2447.8056171778044,0.9908103346824646,0.011476226150989532,2048
2447.812562197079,0.9938005208969116,0.011476226150989532,0
2447.819507216351,0.9923932552337646,0.011476226150989532,0
2447.826452235625,1.0093271732330322,0.011476226150989532,0
2447.8333972548976,0.9906424283981323,0.011476226150989532,0
2447.840342273273,0.9914097785949707,0.011476226150989532,0
2447.847287290809,1.0023729801177979,0.011476226150989532,0
2447.854232308343,1.0129320621490479,0.011476226150989532,0
2447.861177325878,1.0170352458953857,0.011476226150989532,0
2447.868122343411,0.9872048497200012,0.011476226150989532,0
2447.875067360947,0.9821193218231201,0.011476226150989532,2048
2447.8820123775945,1.0030171871185303,0.011476226150989532,0
2447.8889573934166,1.0001394748687744,0.011476226150989532,0
2447.8959024092383,0.9970061182975769,0.011476226150989532,0
2447.90284742506,1.0080605745315552,0.011476226150989532,0
2447.909792440881,1.014163851737976,0.011476226150989532,0
2447.916737456703,0.9972639679908752,0.011476226150989532,0
2447.923682471654,0.9930616617202759,0.011476226150989532,0
2447.930627485793,0.9808319807052612,0.011476226150989532,0
2447.937572499932,1.005566120147705,0.011476226150989532,0
2447.94451751407,1.0011329650878906,0.011476226150989532,0
2447.95146252821,1.0172579288482666,0.011476226150989532,0
2447.958407542348,1.014417290687561,0.011476226150989532,2048
2447.9722975681216,0.9985360503196716,0.011476226150989532,0
2447.979242580613,0.9981567859649658,0.011476226150989532,0
2447.986187593102,1.011258840560913,0.011476226150989532,0
2447.993132605593,1.0117230415344238,0.011476226150989532,0
2448.0000776180837,0.9954243302345276,0.011476226150989532,2048
2448.0070226297385,1.0069745779037476,0.011476226150989532,0
2448.013967640615,1.0072340965270996,0.011476226150989532,0
2448.020912651491,0.984476625919342,0.011476226150989532,0
2448.0278576623696,0.9906418323516846,0.011476226150989532,0
2448.034802673246,0.9391067028045654,0.011476226150989532,0
2448.041747684123,0.8990134596824646,0.011476226150989532,0
2448.055637703488,0.8515879511833191,0.011476226150989532,2048
2448.06258271279,0.8832573890686035,0.011476226150989532,0
2448.0695277220916,0.8832661509513855,0.011476226150989532,0
2448.076472731395,0.9142112731933594,0.011476226150989532,2048
2448.083417740697,0.9437171816825867,0.011476226150989532,0
2448.0903627492057,0.9617391228675842,0.011476226150989532,0
2448.097307756971,0.9886283874511719,0.011476226150989532,0
2448.111197772504,1.0053919553756714,0.011476226150989532,0
2448.1181427802694,0.9935205578804016,0.011476226150989532,0
2448.1250877880348,0.982005774974823,0.011476226150989532,2048
2448.1320327950275,1.0216478109359741,0.011476226150989532,0
2448.138977801296,0.9883586168289185,0.011476226150989532,2048
2448.145922807566,1.0151886940002441,0.011476226150989532,0
2448.152867813835,0.9965479373931885,0.011476226150989532,0
2448.1598128201044,0.9915239810943604,0.011476226150989532,0
2448.1667578263728,1.0127360820770264,0.011476226150989532,0
2448.173702831886,0.9924193620681763,0.011476226150989532,0
2448.180647836697,1.010781168937683,0.011476226150989532,0
2448.194537846319,1.013067603111267,0.011476226150989532,0
2448.2014828511283,1.0148557424545288,0.011476226150989532,0
2448.2084278559405,0.9841156601905823,0.011476226150989532,0
2448.215372860014,1.016642451286316,0.011476226150989532,0
2448.222317863405,1.0090476274490356,0.011476226150989532,0
2448.2292628667965,0.9987422227859497,0.011476226150989532,0
2448.2362078701863,0.9985235333442688,0.011476226150989532,2048
2448.243152873578,1.0004587173461914,0.011476226150989532,2048
2448.2500978769676,0.9960919618606567,0.011476226150989532,0
2448.257042879643,1.022650957107544,0.011476226150989532,0
2448.263987881651,1.0178260803222656,0.011476226150989532,0
2448.270932883658,0.995223879814148,0.011476226150989532,0
2448.2778778856655,1.0142452716827393,0.011476226150989532,0
2448.2917678896815,1.0200024843215942,0.011476226150989532,0
2448.298712890994,1.003191351890564,0.011476226150989532,0
2448.305657891656,0.987357497215271,0.011476226150989532,2048
2448.312602892317,1.0103408098220825,0.011476226150989532,0
2448.3195478929792,0.9800986647605896,0.011476226150989532,2048
2448.3264928936405,0.9918853640556335,0.011476226150989532,0
2448.3334378943027,1.012601375579834,0.011476226150989532,0
2448.3403828942855,1.0138497352600098,0.011476226150989532,0
2448.3473278936385,1.0105904340744019,0.011476226150989532,0
2448.354272892989,1.0171383619308472,0.011476226150989532,0
2448.3612178923418,0.9925804734230042,0.011476226150989532,2048
2448.368162891692,1.0007301568984985,0.011476226150989532,2048
2448.3751078910427,1.0121369361877441,0.011476226150989532,0
2448.3820528897354,1.0091166496276855,0.011476226150989532,0
2448.38899788781,1.0010591745376587,0.011476226150989532,0
2448.395942885887,0.9914364814758301,0.011476226150989532,0
2448.4028878839613,1.0212918519973755,0.011476226150989532,0
2448.409832882037,1.0067150592803955,0.011476226150989532,0
2448.4167778801116,1.0022484064102173,0.011476226150989532,0
2448.4237228775446,0.9929019808769226,0.011476226150989532,2048
2448.4306678743765,1.0102814435958862,0.011476226150989532,0
2448.4376128712092,0.9933977723121643,0.011476226150989532,0
2448.4445578680425,1.0020569562911987,0.011476226150989532,0
2448.4515028648752,0.9888463616371155,0.011476226150989532,0
2448.458447861709,1.0110318660736084,0.011476226150989532,0
2448.4653928579146,1.0073693990707397,0.011476226150989532,0
2448.4723378535377,0.9972332119941711,0.011476226150989532,0
2448.479282849158,0.9937760233879089,0.011476226150989532,0
2448.4862278447804,1.0102132558822632,0.011476226150989532,0
2448.4931728404013,1.011682391166687,0.011476226150989532,0
2448.5001178360244,1.0070339441299438,0.011476226150989532,2048
2448.5070628310355,1.0069561004638672,0.011476226150989532,0
2448.5140078254785,0.9996045231819153,0.011476226150989532,0
2448.52095281992,1.0088633298873901,0.011476226150989532,0
2448.527897814363,1.0114164352416992,0.011476226150989532,0
2448.534842808804,0.9812108874320984,0.011476226150989532,0
2448.541787803245,1.0068504810333252,0.011476226150989532,0
2448.548732797092,1.0153700113296509,0.011476226150989532,0
2448.5556777903835,0.9806764721870422,0.011476226150989532,0
2448.562622783675,0.9987649917602539,0.011476226150989532,0
2448.5695677769663,0.9971713423728943,0.011476226150989532,0
2448.576512770259,0.9917410016059875,0.011476226150989532,0
2448.5834577635496,1.0095850229263306,0.011476226150989532,0
2448.59040275626,1.001185417175293,0.011476226150989532,0
2448.5973477484285,1.0102053880691528,0.011476226150989532,2048
2448.6112377327677,0.9977666735649109,0.011476226150989532,0
2448.6181827249384,0.9986202716827393,0.011476226150989532,0
2448.625127717108,0.993127167224884,0.011476226150989532,0
2448.6320727087113,0.9882315993309021,0.011476226150989532,0
2448.6390176997847,0.9781606793403625,0.011476226150989532,0
2448.6459626908586,0.9993767738342285,0.011476226150989532,0
2448.6529076819343,0.9988743662834167,0.011476226150989532,2048
2448.659852673008,1.0051977634429932,0.011476226150989532,0
2448.673742654604,0.9909688830375671,0.011476226150989532,2048
2448.68068764461,0.9802572131156921,0.011476226150989532,0
2448.6876326346155,0.986571729183197,0.011476226150989532,0
2448.6945776246203,0.9972915053367615,0.011476226150989532,0
2448.701522614626,0.9856392741203308,0.011476226150989532,0
2448.70846760463,0.9858865737915039,0.011476226150989532,0
2448.7154125940974,0.9841288328170776,0.011476226150989532,0
2448.7223575830576,1.00370454788208,0.011476226150989532,2048
2448.7293025720205,1.0012896060943604,0.011476226150989532,0
2448.7362475609807,0.9736785292625427,0.011476226150989532,0
2448.7431925499436,0.9968158006668091,0.011476226150989532,0
2448.750137538902,0.969202995300293,0.011476226150989532,0
2448.757082527337,1.004031777381897,0.011476226150989532,0
2448.764027515277,0.9967086315155029,0.011476226150989532,0
2448.7709725032196,0.994645893573761,0.011476226150989532,0
2448.7779174911607,0.9979580044746399,0.011476226150989532,0
2448.7848624791013,0.9998389482498169,0.011476226150989532,0
2448.7918074670433,0.9975667595863342,0.011476226150989532,0
2448.798752454468,1.0040894746780396,0.011476226150989532,0
2448.8056974414108,0.9841272830963135,0.011476226150989532,0
2448.8126424283546,0.9787740111351013,0.011476226150989532,0
2448.8195874152984,0.9798910617828369,0.011476226150989532,0
2448.8265324022423,0.9866132736206055,0.011476226150989532,0
2448.8404223756243,0.9936286807060242,0.011476226150989532,0
2448.847367361593,0.9746397137641907,0.011476226150989532,0
2448.8543123475615,0.9809243083000183,0.011476226150989532,0
2448.8612573335276,0.9874677062034607,0.011476226150989532,0
2448.8682023194965,0.9919902682304382,0.011476226150989532,2048
2448.882092290939,0.9896262288093567,0.011476226150989532,0
2448.8890372759515,0.9902710318565369,0.011476226150989532,2048
2448.8959822609654,0.9842180013656616,0.011476226150989532,0
2448.902927245978,0.9961946606636047,0.011476226150989532,0
2448.9098722309914,0.9749510884284973,0.011476226150989532,0
2448.916817216003,0.9946409463882446,0.011476226150989532,0
2448.9237622005326,0.9818389415740967,0.011476226150989532,0
2448.930707184611,0.9848524928092957,0.011476226150989532,2048
2448.9376521686886,0.9774457812309265,0.011476226150989532,0
2448.9445971527675,0.9843026995658875,0.011476226150989532,2048
2448.951542136845,0.9823391437530518,0.011476226150989532,0
2448.9584871209245,0.9750189781188965,0.011476226150989532,0
2448.965432104528,0.9904842376708984,0.011476226150989532,0
2448.9723770876913,0.9927270412445068,0.011476226150989532,0
2448.9862670540147,1.0039860010147095,0.011476226150989532,0
2448.9932120371764,0.9982662200927734,0.011476226150989532,0
2449.0001570203394,0.992554247379303,0.011476226150989532,2048
2449.0071020030377,0.9764764904975891,0.011476226150989532,2048
2449.014046985302,0.9880678057670593,0.011476226150989532,0
2449.0209919675676,0.991097092628479,0.011476226150989532,0
2449.0279369498317,0.9642748832702637,0.011476226150989532,2048
2449.0348819320966,0.9847379922866821,0.011476226150989532,0
2449.0418269143606,1.003867506980896,0.011476226150989532,0
2449.04877189617,1.0012942552566528,0.011476226150989532,0
2449.055716877555,0.9970556497573853,0.011476226150989532,0
2449.0626618589395,0.9921713471412659,0.011476226150989532,2048
2449.0696068403236,0.997443437576294,0.011476226150989532,2048
2449.083496803095,0.9859841465950012,0.011476226150989532,0
2449.090441784032,1.0027178525924683,0.011476226150989532,0
2449.0973867645525,0.9751513004302979,0.011476226150989532,0
2449.1043317450726,0.999198853969574,0.011476226150989532,0
2449.1112767255954,0.9724860191345215,0.011476226150989532,0
2449.1182217061155,0.9966383576393127,0.011476226150989532,0
2449.125166686637,0.9981321692466736,0.011476226150989532,0
2449.13211166672,1.0098860263824463,0.011476226150989532,0
2449.139056646394,0.9814740419387817,0.011476226150989532,0
2449.146001626067,1.0107347965240479,0.011476226150989532,0
2449.15294660574,0.9981297254562378,0.011476226150989532,0
2449.159891585415,0.9905407428741455,0.011476226150989532,0
2449.166836565088,1.0023744106292725,0.011476226150989532,0
2449.1737815443325,1.0016754865646362,0.011476226150989532,0
2449.1807265231737,0.992520272731781,0.011476226150989532,2048
2449.1876715020167,0.994414746761322,0.011476226150989532,0
2449.194616480858,0.9932724237442017,0.011476226150989532,0
2449.2015614596994,1.0032155513763428,0.011476226150989532,0
2449.2085064385415,0.9944016337394714,0.011476226150989532,0
2449.2154514169597,0.982558012008667,0.011476226150989532,0
2449.2223963949837,0.9844805002212524,0.011476226150989532,0
2449.229341373009,0.9954871535301208,0.011476226150989532,0
2449.236286351034,0.9854028820991516,0.011476226150989532,2048
2449.2432313290583,0.9832342863082886,0.011476226150989532,0
2449.250176307083,0.9924250245094299,0.011476226150989532,0
2449.2571212846915,0.9712604284286499,0.011476226150989532,0
2449.2640662619137,0.9735144376754761,0.011476226150989532,0
2449.271011239134,0.9286444187164307,0.011476226150989532,0
2449.2779562163546,0.8972410559654236,0.011476226150989532,0
2449.2849011935746,0.8771447539329529,0.011476226150989532,0
2449.2918461707973,0.8776853084564209,0.011476226150989532,0
2449.298791147609,0.8703015446662903,0.011476226150989532,0
2449.305736124042,0.9105388522148132,0.011476226150989532,0
2449.3126811004745,0.9197247624397278,0.011476226150989532,2048
2449.3196260769055,0.9674698114395142,0.011476226150989532,0
2449.326571053337,0.9691080451011658,0.011476226150989532,0
2449.3335160297665,0.9980234503746033,0.011476226150989532,0
2449.3404610057974,0.9935716390609741,0.011476226150989532,0
2449.347405981451,0.9901326298713684,0.011476226150989532,0
2449.3543509571064,0.9924582242965698,0.011476226150989532,0
2449.36129593276,0.9849032759666443,0.011476226150989532,0
2449.368240908416,0.9841887354850769,0.011476226150989532,2048
2449.37518588407,0.9981381893157959,0.011476226150989532,0
2449.3890758342213,0.9837644100189209,0.011476226150989532,0
2449.3960208091107,0.9890518188476562,0.011476226150989532,0
2449.4029657840015,0.9965298771858215,0.011476226150989532,0
2449.4099107588913,0.9811645746231079,0.011476226150989532,0
2449.4168557337825,1.002066969871521,0.011476226150989532,0
2449.423800708283,0.9951731562614441,0.011476226150989532,2048
2449.4307456824213,0.989696204662323,0.011476226150989532,0
2449.4376906565594,1.0023478269577026,0.011476226150989532,0
2449.444635630698,0.9977350831031799,0.011476226150989532,0
2449.451580604836,0.9836984276771545,0.011476226150989532,0
2449.4585255789734,1.004336953163147,0.011476226150989532,0
2449.4654705527287,1.005637764930725,0.011476226150989532,0
2449.4724155261256,1.0014989376068115,0.011476226150989532,0
2449.479360499523,1.0038151741027832,0.011476226150989532,0
2449.4863054729194,0.9965594410896301,0.011476226150989532,0
2449.4932504463177,0.9991150498390198,0.011476226150989532,2048
2449.500195419714,0.9894095659255981,0.011476226150989532,0
2449.507140392735,1.0026696920394897,0.011476226150989532,0
2449.5140853654016,0.9949983358383179,0.011476226150989532,2048
2449.5210303380672,0.9925400018692017,0.011476226150989532,0
2449.527975310734,0.9977245330810547,0.011476226150989532,2048
2449.5349202834022,0.9864463806152344,0.011476226150989532,0
2449.5418652560697,0.9910364151000977,0.011476226150989532,0
2449.5488102283653,0.9897004961967468,0.011476226150989532,0
2449.5557552003133,0.9632013440132141,0.011476226150989532,0
2449.5627001722605,0.9933899641036987,0.011476226150989532,0
2449.5696451442095,1.0024744272232056,0.011476226150989532,2048
2449.576590116157,1.0015393495559692,0.011476226150989532,2048
2449.5835350881043,0.9852839112281799,0.011476226150989532,2048
2449.5904800596854,0.9951101541519165,0.011476226150989532,0
2449.5974250309246,0.9948052167892456,0.011476226150989532,0
2449.6043700021637,1.0108791589736938,0.011476226150989532,0
2449.611314973403,1.0076794624328613,0.011476226150989532,0
2449.6182599446415,0.9817632436752319,0.011476226150989532,0
2449.6252049158797,1.0050618648529053,0.011476226150989532,0
2449.6321498867583,0.9917623996734619,0.011476226150989532,0
2449.639094857297,0.9983155727386475,0.011476226150989532,0
2449.6460398278377,0.9900172352790833,0.011476226150989532,0
2449.6529847983757,0.999285101890564,0.011476226150989532,0
2449.6599297689163,1.0199397802352905,0.011476226150989532,0
2449.666874739455,0.9973258376121521,0.011476226150989532,0
2449.673819709638,0.9987232685089111,0.011476226150989532,0
2449.6807646794878,0.9975799918174744,0.011476226150989532,0
2449.6877096493376,0.9935790300369263,0.011476226150989532,0
2449.6946546191884,0.9957544803619385,0.011476226150989532,0
2449.7015995890374,1.0077539682388306,0.011476226150989532,0
2449.708544558888,1.012990951538086,0.011476226150989532,0
2449.7154895283825,1.0039668083190918,0.011476226150989532,0
2449.722434497553,1.0003422498703003,0.011476226150989532,2048
2449.7293794667207,0.9963971376419067,0.011476226150989532,0
2449.736324435891,0.9956212043762207,0.011476226150989532,0
2449.7432694050585,0.9836399555206299,0.011476226150989532,0
2449.7571593430484,0.9913560152053833,0.011476226150989532,0
2449.764104311546,0.9932682514190674,0.011476226150989532,0
2449.7710492800443,0.9873695969581604,0.011476226150989532,0
2449.77799424854,0.9975340366363525,0.011476226150989532,2048
2449.784939217036,0.9930192828178406,0.011476226150989532,0
2449.791884185532,1.000403881072998,0.011476226150989532,2048
2449.7988291536867,1.0203619003295898,0.011476226150989532,0
2449.8057741215193,1.0047380924224854,0.011476226150989532,0
2449.8127190893533,1.004267930984497,0.011476226150989532,0
2449.819664057186,1.0072985887527466,0.011476226150989532,0
2449.826609025019,1.0168935060501099,0.011476226150989532,0
2449.8335539928516,0.9919291138648987,0.011476226150989532,0
2449.840498960347,0.9970781803131104,0.011476226150989532,2048
2449.8474439275237,1.0146628618240356,0.011476226150989532,0
2449.8543888947015,1.0099451541900635,0.011476226150989532,0
2449.8613338618793,0.9911994338035583,0.011476226150989532,0
2449.868278829057,1.0109754800796509,0.011476226150989532,0
2449.875223796235,1.007043719291687,0.011476226150989532,0
2449.8821687630766,1.0069440603256226,0.011476226150989532,2048
2449.8891137296077,0.9900115132331848,0.011476226150989532,2048
2449.896058696137,0.9837548732757568,0.011476226150989532,2048
2449.9030036626677,0.9984645247459412,0.011476226150989532,0
2449.909948629197,0.9919546842575073,0.011476226150989532,0
2449.9168935957264,1.0022318363189697,0.011476226150989532,0
2449.930783527815,0.9958072900772095,0.011476226150989532,4096
2449.937728493705,0.9823341369628906,0.011476226150989532,0
2449.944673459595,0.9877526164054871,0.011476226150989532,0
2449.951618425485,1.0030184984207153,0.011476226150989532,0
2449.9655083569373,1.0120662450790405,0.011476226150989532,0
2449.972453322193,0.9928869605064392,0.011476226150989532,2048
2449.9793982874517,0.9826562404632568,0.011476226150989532,0
2449.9863432527054,1.0052931308746338,0.011476226150989532,0
2449.9932882179633,0.963911235332489,0.011476226150989532,0
2450.000233183221,0.9963352084159851,0.011476226150989532,0
2450.007178148154,1.0026406049728394,0.011476226150989532,0
2450.014123112785,1.0047502517700195,0.011476226150989532,0
2450.021068077416,0.9878268837928772,0.011476226150989532,2048
2450.0280130420474,0.990934431552887,0.011476226150989532,0
2450.0349580066777,1.0065146684646606,0.011476226150989532,0
2450.04190297131,1.0061017274856567,0.011476226150989532,0
2450.0488479356195,1.024398922920227,0.011476226150989532,0
2450.055792899631,1.0030076503753662,0.011476226150989532,0
2450.062737863643,0.9985097646713257,0.011476226150989532,0
2450.069682827655,0.9891905188560486,0.011476226150989532,0
2450.076627791668,0.9940680265426636,0.011476226150989532,0
2450.0835727556796,1.0014885663986206,0.011476226150989532,0
2450.090517719375,1.0146734714508057,0.011476226150989532,0
2450.0974626827747,1.0027011632919312,0.011476226150989532,0
2450.104407646174,0.9896823167800903,0.011476226150989532,0
2450.1113526095737,0.9997655153274536,0.011476226150989532,0
2450.1182975729735,0.9898291230201721,0.011476226150989532,0
2450.125242536373,1.015626072883606,0.011476226150989532,2048
2450.1321874994583,1.0157266855239868,0.011476226150989532,0
2450.139132462251,1.0253232717514038,0.011476226150989532,2048
2450.146077425044,1.0082322359085083,0.011476226150989532,0
2450.1530223878385,1.0138888359069824,0.011476226150989532,0
2450.159967350631,0.9952734112739563,0.011476226150989532,0
2450.1669123134257,1.012162446975708,0.011476226150989532,0
2450.1738572759077,1.0029000043869019,0.011476226150989532,0
2450.180802238102,1.0179499387741089,0.011476226150989532,0
2450.187747200295,1.0078269243240356,0.011476226150989532,2048
2450.194692162488,0.9885464310646057,0.011476226150989532,0
2450.201637124679,0.9971356987953186,0.011476226150989532,0
2450.208582086874,1.0016849040985107,0.011476226150989532,0
2450.2155270487588,1.0108091831207275,0.011476226150989532,0
2450.222472010358,1.0074596405029297,0.011476226150989532,0
2450.229416971959,1.0177814960479736,0.011476226150989532,0
2450.236361933557,1.0176494121551514,0.011476226150989532,2048
2450.2433068951573,1.002496600151062,0.011476226150989532,2048
2450.2502518567553,1.006507158279419,0.011476226150989532,0
2450.257196818052,1.0128837823867798,0.011476226150989532,0
2450.2641417790614,0.993206799030304,0.011476226150989532,0
2450.2710867400724,1.0162508487701416,0.011476226150989532,0
2450.2780317010815,0.9952262043952942,0.011476226150989532,0
2450.2849766620934,1.0055981874465942,0.011476226150989532,2048
2450.291921623103,1.0290676355361938,0.011476226150989532,0
2450.305811544242,1.0039687156677246,0.011476226150989532,0
2450.312756504669,1.0179437398910522,0.011476226150989532,0
2450.3197014650978,0.9979708194732666,0.011476226150989532,0
2450.3266464255253,0.9930246472358704,0.011476226150989532,0
2450.333591385954,1.0010086297988892,0.011476226150989532,0
2450.340536346083,1.0265995264053345,0.011476226150989532,0
2450.354426265782,1.0140944719314575,0.011476226150989532,0
2450.361371225634,1.013100028038025,0.011476226150989532,0
2450.3683161854833,1.0089852809906006,0.011476226150989532,0
2450.3752611453347,0.9868090748786926,0.011476226150989532,0
2450.3822061048895,1.0260746479034424,0.011476226150989532,0
2450.389151064168,1.016770362854004,0.011476226150989532,0
2450.3960960234463,1.0074446201324463,0.011476226150989532,0
2450.4030409827237,1.0063841342926025,0.011476226150989532,0
2450.409985942003,1.000144124031067,0.011476226150989532,0
2450.4169309012805,1.0041108131408691,0.011476226150989532,2048
2450.4238758602637,0.9952341914176941,0.011476226150989532,0
2450.430820818974,1.0017648935317993,0.011476226150989532,0
2450.4377657776868,1.0164618492126465,0.011476226150989532,0
2450.4447107363962,1.0249948501586914,0.011476226150989532,0
2450.451655695109,1.0124722719192505,0.011476226150989532,0
2450.4586006538198,0.9979249835014343,0.011476226150989532,2048
2450.4655456122405,1.0158809423446655,0.011476226150989532,0
2450.472490570389,1.0056297779083252,0.011476226150989532,2048
2450.479435528536,0.9943180680274963,0.011476226150989532,0
2450.4863804866864,1.0057710409164429,0.011476226150989532,0
2450.4933254448338,1.002351999282837,0.011476226150989532,0
2450.5002704029816,0.9722362756729126,0.011476226150989532,0
2450.507215360841,0.9482697248458862,0.011476226150989532,2048
2450.5141603184334,0.901305615901947,0.011476226150989532,0
2450.5211052760233,0.8837132453918457,0.011476226150989532,0
2450.5280502336154,0.8914288878440857,0.011476226150989532,2048
2450.5349951912067,0.8807004690170288,0.011476226150989532,0
2450.5419401487975,0.9071482419967651,0.011476226150989532,0
2450.5488851061027,0.9360673427581787,0.011476226150989532,0
2450.55583006314,0.9640246033668518,0.011476226150989532,0
2450.562775020179,0.9797899127006531,0.011476226150989532,2048
2450.569719977216,1.0165793895721436,0.011476226150989532,0
2450.5766649342554,1.0109339952468872,0.011476226150989532,0
2450.5836098912914,0.999994695186615,0.011476226150989532,0
2450.590554848046,1.0196616649627686,0.011476226150989532,0
2450.5974998045353,1.0065183639526367,0.011476226150989532,2048
2450.6044447610248,0.9961957931518555,0.011476226150989532,0
2450.611389717515,1.0071545839309692,0.011476226150989532,0
2450.618334674004,0.9937182664871216,0.011476226150989532,0
2450.6252796304943,1.0189026594161987,0.011476226150989532,0
2450.6322245867013,1.0258044004440308,0.011476226150989532,0
2450.6391695426464,1.0059809684753418,0.011476226150989532,0
2450.646114498592,1.0042078495025635,0.011476226150989532,0
2450.653059454537,1.0291179418563843,0.011476226150989532,0
2450.6600044104803,0.9988785982131958,0.011476226150989532,0
2450.666949366426,1.021630048751831,0.011476226150989532,0
2450.6738943220917,1.0296344757080078,0.011476226150989532,0
2450.6808392774965,0.9967339038848877,0.011476226150989532,0
2450.6877842329027,1.0160249471664429,0.011476226150989532,0
2450.694729188307,1.0010117292404175,0.011476226150989532,0
2450.701674143713,1.0120463371276855,0.011476226150989532,2048
2450.708619099117,1.0205013751983643,0.011476226150989532,0
2450.715564054245,1.0274295806884766,0.011476226150989532,0
2450.722509009113,1.0136486291885376,0.011476226150989532,0
2450.7294539639834,0.9896175265312195,0.011476226150989532,0
2450.736398918851,1.0180230140686035,0.011476226150989532,0
2450.7433438737194,0.9943153858184814,0.011476226150989532,0
2450.7502888285876,0.9969217777252197,0.011476226150989532,0
2450.7572337831825,0.9930490255355835,0.011476226150989532,2048
2450.76417873752,1.0117961168289185,0.011476226150989532,0
2450.7780686461942,0.994590163230896,0.011476226150989532,0
2450.7850136005304,1.015153408050537,0.011476226150989532,0
2450.7919585548675,0.9976522326469421,0.011476226150989532,0
2450.7989035089304,1.0167227983474731,0.011476226150989532,0
2450.812793416548,0.9810726046562195,0.011476226150989532,0
2450.8197383703578,0.9920865893363953,0.011476226150989532,0
2450.826683324165,0.9981387257575989,0.011476226150989532,0
2450.8336282779746,1.0148159265518188,0.011476226150989532,2048
2450.8405732315123,0.9883087873458862,0.011476226150989532,0
2450.8475181847957,0.9824533462524414,0.011476226150989532,0
2450.85446313808,1.007617712020874,0.011476226150989532,0
2450.861408091364,0.9984403252601624,0.011476226150989532,0
2450.8683530446483,0.9964674711227417,0.011476226150989532,2048
2450.8752979979326,1.004356861114502,0.011476226150989532,2048
2450.882242950948,0.9916737079620361,0.011476226150989532,0
2450.889187903711,0.9901679754257202,0.011476226150989532,0
2450.8961328564747,1.002095341682434,0.011476226150989532,0
2450.903077809237,0.9955371618270874,0.011476226150989532,2048
2450.9100227620006,0.9937044978141785,0.011476226150989532,0
2450.916967714764,0.9900588989257812,0.011476226150989532,0
2450.9239126672587,0.9945493340492249,0.011476226150989532,0
2450.930857619506,0.9970269203186035,0.011476226150989532,0
2450.937802571751,0.9865679740905762,0.011476226150989532,0
2450.944747523998,1.0015617609024048,0.011476226150989532,0
2450.9516924762434,0.9856358170509338,0.011476226150989532,2048
2450.958637428489,0.9849674105644226,0.011476226150989532,0
2450.9655823804696,0.9876073598861694,0.011476226150989532,0
2450.9725273322015,0.9975293278694153,0.011476226150989532,0
2450.9794722839324,0.986405074596405,0.011476226150989532,2048
2450.986417235666,0.9847533106803894,0.011476226150989532,0
2450.993362187399,1.0078589916229248,0.011476226150989532,0
2451.000307139128,0.9978278875350952,0.011476226150989532,0
2451.007252090597,0.9916024804115295,0.011476226150989532,0
2451.0141970418176,1.0079275369644165,0.011476226150989532,0
2451.02114199304,0.9662526845932007,0.011476226150989532,0
2451.028086944261,0.9991322755813599,0.011476226150989532,0
2451.0419768467036,1.0003974437713623,0.011476226150989532,0
2451.0558667483765,0.9855271577835083,0.011476226150989532,0
2451.0628116990915,0.9938566088676453,0.011476226150989532,0
2451.069756649807,0.9858134984970093,0.011476226150989532,0
2451.0767016005198,0.9873724579811096,0.011476226150989532,2048
2451.083646551234,0.9867969155311584,0.011476226150989532,0
2451.0905915016856,1.0027070045471191,0.011476226150989532,0
2451.0975364518968,0.9821759462356567,0.011476226150989532,0
2451.1044814021056,1.00344717502594,0.011476226150989532,0
2451.111426352316,0.9748812913894653,0.011476226150989532,0
2451.1183713025257,0.9738356471061707,0.011476226150989532,2048
2451.125316252736,0.9666155576705933,0.011476226150989532,0
2451.1322612026865,0.9851296544075012,0.011476226150989532,0
2451.1392061523957,0.9880022406578064,0.011476226150989532,2048
2451.1461511021043,0.9907048940658569,0.011476226150989532,0
2451.160041001522,0.9805645942687988,0.011476226150989532,0
2451.1669859512313,1.00248122215271,0.011476226150989532,0
2451.1739309006825,0.97979736328125,0.011476226150989532,0
2451.1808758498914,0.9657054543495178,0.011476226150989532,0
2451.187820799103,0.9839730858802795,0.011476226150989532,0
2451.194765748313,0.9850288033485413,0.011476226150989532,0
2451.2017106975245,0.9599155187606812,0.011476226150989532,0
2451.2086556467343,0.9843339920043945,0.011476226150989532,2048
2451.2156005956895,0.9786646962165833,0.011476226150989532,0
2451.222545544405,1.0021330118179321,0.011476226150989532,0
2451.236435441837,0.9873080849647522,0.011476226150989532,0
2451.2433803905515,0.9740588068962097,0.011476226150989532,0
2451.250325339268,1.0017046928405762,0.011476226150989532,0
2451.2572702877283,0.9865744709968567,0.011476226150989532,0
2451.2642152359513,0.9880154728889465,0.011476226150989532,0
2451.2711601841725,0.9987602233886719,0.011476226150989532,0
2451.278105132397,0.9864223003387451,0.011476226150989532,0
2451.285050080619,0.9897148609161377,0.011476226150989532,0
2451.291995028842,0.9953425526618958,0.011476226150989532,0
2451.298939976812,0.9830335974693298,0.011476226150989532,0
2451.305884924546,0.9889461398124695,0.011476226150989532,0
2451.312829872281,0.9878906011581421,0.011476226150989532,0
2451.3197748200128,0.9821556806564331,0.011476226150989532,0
2451.326719767748,0.9727127552032471,0.011476226150989532,0
2451.33366471548,1.0026381015777588,0.011476226150989532,2048
2451.3406096629624,0.9922983050346375,0.011476226150989532,2048
2451.347554610208,0.9661669135093689,0.011476226150989532,2048
2451.3544995574557,0.9996751546859741,0.011476226150989532,0
2451.3614445047015,0.9829743504524231,0.011476226150989532,0
2451.368389451947,1.001663088798523,0.011476226150989532,0
2451.3753343991943,0.9723996520042419,0.011476226150989532,0
2451.3822793461904,0.9637573957443237,0.011476226150989532,0
2451.3892242929537,0.9949353933334351,0.011476226150989532,2048
2451.3961692397156,0.9775328040122986,0.011476226150989532,0
2451.410059133241,0.9728072881698608,0.011476226150989532,0
2451.417004080003,0.9817876219749451,0.011476226150989532,0
2451.4239490265168,0.9900493621826172,0.011476226150989532,0
2451.4308939727975,0.9824140071868896,0.011476226150989532,0
2451.4378389190783,0.9897318482398987,0.011476226150989532,0
2451.444783865359,0.9967145919799805,0.011476226150989532,0
2451.451728811639,0.9884847402572632,0.011476226150989532,0
2451.458673757921,0.9820249080657959,0.011476226150989532,0
2451.465618703953,0.9863397479057312,0.011476226150989532,0
2451.4725636497537,0.9913759827613831,0.011476226150989532,0
2451.4795085955566,0.9989837408065796,0.011476226150989532,2048
2451.486453541357,0.9835130572319031,0.011476226150989532,0
2451.49339848716,0.9785138368606567,0.011476226150989532,0
2451.5003434329606,0.9688988327980042,0.011476226150989532,0
2451.507288378517,0.974579930305481,0.011476226150989532,0
2451.514233323841,0.9862135648727417,0.011476226150989532,0
2451.521178269166,0.9807667136192322,0.011476226150989532,0
2451.52812321449,0.9847825169563293,0.011476226150989532,0
2451.5350681598156,0.9844568371772766,0.011476226150989532,2048
2451.542013105142,0.9803417921066284,0.011476226150989532,0
2451.548958050221,0.9838420152664185,0.011476226150989532,2048
2451.5559029950714,1.0042942762374878,0.011476226150989532,0
2451.562847939922,0.972578227519989,0.011476226150989532,0
2451.5697928847717,0.9927516579627991,0.011476226150989532,0
2451.576737829621,0.9989561438560486,0.011476226150989532,0
2451.5836827744715,0.9875245094299316,0.011476226150989532,0
2451.597572663457,0.9934795498847961,0.011476226150989532,0
2451.604517607835,0.9741371273994446,0.011476226150989532,0
2451.6114625522146,1.0016939640045166,0.011476226150989532,2048
2451.6184074965945,0.9775440096855164,0.011476226150989532,0
2451.6253524409717,1.0003999471664429,0.011476226150989532,0
2451.632297385108,0.9826776385307312,0.011476226150989532,0
2451.6392423290167,0.993455708026886,0.011476226150989532,0
2451.6461872729255,1.0139987468719482,0.011476226150989532,0
2451.653132216834,0.9984213709831238,0.011476226150989532,0
2451.6600771607436,0.9776800870895386,0.011476226150989532,0
2451.667022104652,0.9844935536384583,0.011476226150989532,0
2451.6739670483184,0.9930373430252075,0.011476226150989532,2048
2451.6878569352016,0.9910393357276917,0.011476226150989532,0
2451.694801878644,1.0011826753616333,0.011476226150989532,0
2451.715636708727,0.9958825707435608,0.011476226150989532,0
2451.7225816517034,0.9899949431419373,0.011476226150989532,0
2451.7295265946786,0.9573294520378113,0.011476226150989532,2048
2451.7364715376557,0.9450222253799438,0.011476226150989532,0
2451.7434164806314,0.913398027420044,0.011476226150989532,0
2451.7503614236084,0.8984601497650146,0.011476226150989532,0
2451.7573063663444,0.87705397605896,0.011476226150989532,0
2451.764251308857,0.8664389848709106,0.011476226150989532,0
2451.7711962513713,0.8849542737007141,0.011476226150989532,2048
2451.7781411938836,0.8992186188697815,0.011476226150989532,0
2451.785086136397,0.9322529435157776,0.011476226150989532,0
2451.792031078909,0.9488533735275269,0.011476226150989532,0
2451.7989760211844,0.9798842072486877,0.011476226150989532,0
2451.8059209632356,1.0034778118133545,0.011476226150989532,0
2451.8128659052877,0.9841824769973755,0.011476226150989532,0
2451.81981084734,0.9867169260978699,0.011476226150989532,0
2451.826755789392,0.982488751411438,0.011476226150989532,0
2451.833700731443,0.9967296719551086,0.011476226150989532,0
2451.8406456732587,0.9793828129768372,0.011476226150989532,0
2451.847590614853,1.0033899545669556,0.011476226150989532,0
2451.8545355564447,0.9984047412872314,0.011476226150989532,0
2451.861480498038,0.9924493432044983,0.011476226150989532,0
2451.8684254396303,1.0048712491989136,0.011476226150989532,0
2451.875370381224,1.0226292610168457,0.011476226150989532,0
2451.88231532258,1.0088489055633545,0.011476226150989532,0
2451.889260263717,1.0020850896835327,0.011476226150989532,0
2451.8962052048496,1.0006498098373413,0.011476226150989532,2048
2451.903150145987,1.0010637044906616,0.011476226150989532,0
2451.9100950871216,0.9805231690406799,0.011476226150989532,0
2451.9239849691608,1.0010371208190918,0.011476226150989532,0
2451.930929909841,0.9746620655059814,0.011476226150989532,0
2451.937874850522,1.005312442779541,0.011476226150989532,0
2451.9448197912016,1.0035985708236694,0.011476226150989532,0
2451.951764731884,0.9968617558479309,0.011476226150989532,0
2451.958709672563,0.9958602786064148,0.011476226150989532,0
2451.9656546130113,1.00517737865448,0.011476226150989532,0
2451.9725995532376,0.9952030181884766,0.011476226150989532,0
2451.979544493467,1.0052225589752197,0.011476226150989532,2048
2451.9864894336934,1.0031250715255737,0.011476226150989532,0
2451.9934343739214,0.9984572529792786,0.011476226150989532,0
2452.0003793141505,0.9937247037887573,0.011476226150989532,0
2452.0073242541434,1.0048271417617798,0.011476226150989532,0
2452.014269193919,0.9971238374710083,0.011476226150989532,0
2452.0212141336947,1.0188896656036377,0.011476226150989532,0
2452.028159073472,1.011238932609558,0.011476226150989532,0
2452.0351040132477,0.9852682948112488,0.011476226150989532,0
2452.042048953025,1.012388825416565,0.011476226150989532,0
2452.0489938925684,1.0029865503311157,0.011476226150989532,2048
2452.0559388318966,1.0019763708114624,0.011476226150989532,0
2452.0628837712225,1.0025969743728638,0.011476226150989532,0
2452.0698287105497,1.009889841079712,0.011476226150989532,0
2452.076773649878,1.0071171522140503,0.011476226150989532,0
2452.083718589204,0.99835205078125,0.011476226150989532,2048
2452.0906635283004,0.984143078327179,0.011476226150989532,0
2452.0976084671793,1.0055639743804932,0.011476226150989532,0
2452.1045534060586,1.0018808841705322,0.011476226150989532,0
2452.118443283817,0.9946675896644592,0.011476226150989532,0
2452.125388222696,1.0130641460418701,0.011476226150989532,0
2452.1323331613457,1.0037555694580078,0.011476226150989532,0
2452.1392780997776,1.0192636251449585,0.011476226150989532,0
2452.1531679766454,1.003619909286499,0.011476226150989532,0
2452.160112915079,0.9987439513206482,0.011476226150989532,0
2452.1670578535127,0.9900468587875366,0.011476226150989532,0
2452.174002791716,1.01443612575531,0.011476226150989532,2048
2452.180947729706,1.012347936630249,0.011476226150989532,0
2452.1878926676945,1.0085363388061523,0.011476226150989532,0
2452.194837605685,1.011548638343811,0.011476226150989532,6144
2452.2017825436733,1.0209636688232422,0.011476226150989532,0
2452.208727481663,1.0032151937484741,0.011476226150989532,0
2452.2156724194238,0.9899039268493652,0.011476226150989532,0
2452.2226173569707,1.0044102668762207,0.011476226150989532,0
2452.2295622945185,1.0005873441696167,0.011476226150989532,0
2452.2365072320645,1.0276353359222412,0.011476226150989532,0
2452.2434521696123,1.011726975440979,0.011476226150989532,0
2452.2503971071583,0.9994884133338928,0.011476226150989532,0
2452.2573420444774,0.9991997480392456,0.011476226150989532,0
2452.2642869815836,1.0009071826934814,0.011476226150989532,0
2452.271231918689,0.9916415810585022,0.011476226150989532,0
2452.278176855794,1.0149034261703491,0.011476226150989532,0
2452.2851217929,1.0076236724853516,0.011476226150989532,0
2452.292066730007,0.9936760663986206,0.011476226150989532,0
2452.2990116668857,1.0091248750686646,0.011476226150989532,0
2452.305956603554,1.0142066478729248,0.011476226150989532,0
2452.31290154022,1.0212371349334717,0.011476226150989532,0
2452.319846476888,1.0192925930023193,0.011476226150989532,2048
2452.326791413554,1.0058554410934448,0.011476226150989532,0
2452.333736350221,1.0120831727981567,0.011476226150989532,0
2452.340681286662,0.9967648983001709,0.011476226150989532,2048
2452.3476262228914,1.0318111181259155,0.011476226150989532,0
2452.3545711591196,1.0216737985610962,0.011476226150989532,0
2452.3615160953505,0.9969719648361206,0.011476226150989532,0
2452.3754059678095,1.0052123069763184,0.011476226150989532,0
2452.3823509038134,1.0130345821380615,0.011476226150989532,0
2452.389295839606,1.014514684677124,0.011476226150989532,0
2452.3962407754007,1.003367304801941,0.011476226150989532,0
2452.403185711192,1.0078001022338867,0.011476226150989532,2048
2452.4101306469856,1.0235238075256348,0.011476226150989532,0
2452.417075582778,1.0084863901138306,0.011476226150989532,0
2452.424020518348,1.0129936933517456,0.011476226150989532,0
2452.430965453706,1.0074827671051025,0.011476226150989532,0
2452.437910389066,1.0138431787490845,0.011476226150989532,2048
2452.444855324424,1.0175366401672363,0.011476226150989532,0
2452.4518002597842,1.0076794624328613,0.011476226150989532,0
2452.4587451951434,0.9945409893989563,0.011476226150989532,0
2452.465690130278,0.9957248568534851,0.011476226150989532,2048
2452.472635065205,1.0237687826156616,0.011476226150989532,0
2452.47958000013,1.0119822025299072,0.011476226150989532,0
2452.4934698699826,1.0037182569503784,0.011476226150989532,0
2452.5004148049097,1.0384896993637085,0.011476226150989532,0
2452.507359739612,1.0009374618530273,0.011476226150989532,0
2452.514304674107,1.0141382217407227,0.011476226150989532,0
2452.521249608602,1.0304051637649536,0.011476226150989532,0
2452.5281945430966,1.0143235921859741,0.011476226150989532,0
2452.535139477592,1.0106366872787476,0.011476226150989532,0
2452.5420844120863,1.0093764066696167,0.011476226150989532,0
2452.5490293463577,1.0189573764801025,0.011476226150989532,0
2452.5559742804226,1.007094383239746,0.011476226150989532,0
2452.5629192144875,0.997640073299408,0.011476226150989532,0
2452.5698641485515,0.9959018230438232,0.011476226150989532,0
2452.5768090826173,1.0157042741775513,0.011476226150989532,0
2452.5837540166813,1.017507553100586,0.011476226150989532,0
2452.5906989505256,1.0062373876571655,0.011476226150989532,2048
2452.5976438841612,1.0031088590621948,0.011476226150989532,0
2452.6045888177982,1.002005934715271,0.011476226150989532,0
2452.6115337514348,1.0126194953918457,0.011476226150989532,0
2452.6184786850704,0.9986892938613892,0.011476226150989532,0
2452.625423618708,1.0289483070373535,0.011476226150989532,0
2452.6323685521224,1.007219672203064,0.011476226150989532,0
2452.6393134853324,1.0016324520111084,0.011476226150989532,2048
2452.646258418541,1.0058324337005615,0.011476226150989532,0
2452.653203351751,1.011896014213562,0.011476226150989532,0
2452.6601482849596,1.0046278238296509,0.011476226150989532,0
2452.6670932181687,1.0154668092727661,0.011476226150989532,2048
2452.674038151157,1.010938048362732,0.011476226150989532,0
2452.680983083942,1.025309443473816,0.011476226150989532,0
2452.6879280167263,1.0191960334777832,0.011476226150989532,0
2452.6948729495093,1.0118026733398438,0.011476226150989532,0
2452.7018178822927,1.003730297088623,0.011476226150989532,0
2452.708762815075,1.0108072757720947,0.011476226150989532,0
2452.71570774764,1.0161687135696411,0.011476226150989532,2048
2452.7226526799986,1.0355218648910522,0.011476226150989532,0
2452.7295976123587,1.0369576215744019,0.011476226150989532,0
2452.7365425447174,1.0199689865112305,0.011476226150989532,0
2452.7434874770765,1.0105270147323608,0.011476226150989532,0
2452.750432409435,1.0140897035598755,0.011476226150989532,2048
2452.764322273514,1.0193766355514526,0.011476226150989532,0
2452.7712672054495,1.0087374448776245,0.011476226150989532,0
2452.778212137386,1.0038645267486572,0.011476226150989532,0
2452.7851570693224,1.0280131101608276,0.011476226150989532,0
2452.792102001259,1.0123875141143799,0.011476226150989532,0
2452.799046932976,0.9993696212768555,0.011476226150989532,2048
2452.805991864492,1.0205769538879395,0.011476226150989532,0
2452.812936796006,1.0098768472671509,0.011476226150989532,0
2452.819881727522,1.0031813383102417,0.011476226150989532,0
2452.8268266590358,0.9965261220932007,0.011476226150989532,0
2452.833771590552,1.0087261199951172,0.011476226150989532,2048
2452.8407165218496,1.0084612369537354,0.011476226150989532,0
2452.8476614529427,0.9959515929222107,0.011476226150989532,0
2452.8546063840386,1.0152872800827026,0.011476226150989532,0
2452.868496246228,1.0057008266448975,0.011476226150989532,0
2452.8754411773193,1.0071386098861694,0.011476226150989532,0
2452.8823861081983,0.9999008774757385,0.011476226150989532,0
2452.889331038873,1.010250210762024,0.011476226150989532,2048
2452.8962759695496,1.0166558027267456,0.011476226150989532,0
2452.9101658308996,1.0124424695968628,0.011476226150989532,0
2452.917110761576,1.0198822021484375,0.011476226150989532,0
2452.924055692035,1.0178751945495605,0.011476226150989532,0
2452.931000622294,1.007505178451538,0.011476226150989532,0
2452.937945552551,1.011301040649414,0.011476226150989532,0
2452.94489048281,1.020602822303772,0.011476226150989532,0
2452.951835413067,1.02433443069458,0.011476226150989532,0
2452.9657252733678,0.9909632802009583,0.011476226150989532,0
2452.972670203209,0.9381603598594666,0.011476226150989532,0
2452.9796151330497,0.9107755422592163,0.011476226150989532,0
2452.9865600628923,0.8839552998542786,0.011476226150989532,0
2452.993504992735,0.8546870350837708,0.011476226150989532,0
2453.000449922575,0.8765148520469666,0.011476226150989532,0
2453.007394852202,0.8726873397827148,0.011476226150989532,0
2453.0143397816287,0.9264927506446838,0.011476226150989532,2048
2453.021284711055,0.9565462470054626,0.011476226150989532,0
2453.0282296404803,0.9874486923217773,0.011476226150989532,0
2453.0351745699077,0.993421733379364,0.011476226150989532,0
2453.0421194993332,0.9997681975364685,0.011476226150989532,2048
2453.0490644285464,0.999233067035675,0.011476226150989532,0
2453.056009357558,0.9838221669197083,0.011476226150989532,0
2453.0629542865695,1.0112299919128418,0.011476226150989532,0
2453.069899215583,0.9971210956573486,0.011476226150989532,0
2453.0768441445944,0.9925383925437927,0.011476226150989532,0
2453.083789073608,1.0050328969955444,0.011476226150989532,2048
2453.090734002406,1.0120973587036133,0.011476226150989532,2048
2453.0976789310066,1.0015934705734253,0.011476226150989532,0
2453.1046238596055,1.0053277015686035,0.011476226150989532,0
2453.111568788205,1.0216840505599976,0.011476226150989532,0
2453.118513716805,1.006370186805725,0.011476226150989532,2048
2453.1254586454047,1.020714282989502,0.011476226150989532,0
2453.1324035737907,1.0141476392745972,0.011476226150989532,0
2453.13934850198,1.006103277206421,0.011476226150989532,0
2453.146293430168,1.011959195137024,0.011476226150989532,2048
2453.1532383583562,0.9961327910423279,0.011476226150989532,0
2453.1671282147317,0.9897659420967102,0.011476226150989532,0
2453.174073142709,0.9990955591201782,0.011476226150989532,0
2453.1810180704856,1.0010162591934204,0.011476226150989532,0
2453.1879629982645,1.0115801095962524,0.011476226150989532,0
2453.1949079260417,0.9875655770301819,0.011476226150989532,0
2453.2018528538206,1.0030704736709595,0.011476226150989532,0
2453.2087977815972,1.0045567750930786,0.011476226150989532,0
2453.215742709164,1.0263996124267578,0.011476226150989532,0
2453.2226876365335,0.9968671798706055,0.011476226150989532,2048
2453.2296325639013,1.0168490409851074,0.011476226150989532,0
2453.236577491271,1.0059269666671753,0.011476226150989532,0
2453.243522418639,0.9964693188667297,0.011476226150989532,0
2453.2504673460085,0.9981292486190796,0.011476226150989532,0
2453.2574122731653,0.9962877631187439,0.011476226150989532,0
2453.264357200126,0.9995965361595154,0.011476226150989532,0
2453.271302127086,1.012856364250183,0.011476226150989532,0
2453.278247054047,0.9995204210281372,0.011476226150989532,0
2453.2851919810064,1.0037468671798706,0.011476226150989532,0
2453.2921369079672,1.001565933227539,0.011476226150989532,2048
2453.299081834719,0.9829475283622742,0.011476226150989532,0
2453.306026761272,0.9687827229499817,0.011476226150989532,4096
2453.312971687827,1.0027687549591064,0.011476226150989532,0
2453.3199166143795,1.0110092163085938,0.011476226150989532,0
2453.326861540935,0.9987823367118835,0.011476226150989532,2048
2453.333806467488,0.9986700415611267,0.011476226150989532,0
2453.3407513938323,0.9856331944465637,0.011476226150989532,0
2453.347696319979,0.98904949426651,0.011476226150989532,0
2453.354641246129,0.9710683226585388,0.011476226150989532,0
2453.361586172276,0.9947432279586792,0.011476226150989532,0
2453.3685310984256,1.0110218524932861,0.011476226150989532,2048
2453.375476024574,0.9844658374786377,0.011476226150989532,0
2453.3824209505133,0.991041362285614,0.011476226150989532,2048
2453.3893658762568,0.9862322807312012,0.011476226150989532,0
2453.3963108019993,0.9926348924636841,0.011476226150989532,0
2453.4032557277446,0.9797748327255249,0.011476226150989532,0
2453.417145579232,1.0081554651260376,0.011476226150989532,0
2453.424090504766,1.0138542652130127,0.011476226150989532,0
2453.4310354301074,0.9819170832633972,0.011476226150989532,0
2453.4379803554466,0.9984471797943115,0.011476226150989532,2048
2453.444925280787,1.0058728456497192,0.011476226150989532,0
2453.4518702061287,0.9894474148750305,0.011476226150989532,0
2453.458815131468,1.001980185508728,0.011476226150989532,0
2453.4657600566015,0.9921995401382446,0.011476226150989532,0
2453.4727049815383,0.993076503276825,0.011476226150989532,0
2453.4796499064764,0.9728342294692993,0.011476226150989532,0
2453.486594831414,1.0012727975845337,0.011476226150989532,0
2453.493539756352,0.9869305491447449,0.011476226150989532,0
2453.507429606021,0.9948538541793823,0.011476226150989532,0
2453.514374530557,1.0022872686386108,0.011476226150989532,0
2453.521319455093,0.9962831139564514,0.011476226150989532,0
2453.528264379631,0.9834411144256592,0.011476226150989532,2048
2453.5421542287045,0.9892699718475342,0.011476226150989532,0
2453.5490991530337,0.967504620552063,0.011476226150989532,0
2453.55604407717,0.9824839234352112,0.011476226150989532,0
2453.562989001307,0.9916974306106567,0.011476226150989532,0
2453.569933925444,0.9872637987136841,0.011476226150989532,0
2453.5768788495798,0.9926100969314575,0.011476226150989532,0
2453.5838237737175,0.9850738048553467,0.011476226150989532,0
2453.590768697647,0.9944968819618225,0.011476226150989532,0
2453.5977136213855,0.9606161713600159,0.011476226150989532,0
2453.604658545123,0.9846743941307068,0.011476226150989532,0
2453.611603468861,0.9921578168869019,0.011476226150989532,2048
2453.6185483925988,0.9733317494392395,0.011476226150989532,0
2453.6254933163355,0.9748048186302185,0.011476226150989532,0
2453.6324382398684,0.9859667420387268,0.011476226150989532,0
2453.6393831632076,0.9715647101402283,0.011476226150989532,0
2453.6463280865482,0.9709547162055969,0.011476226150989532,0
2453.653273009887,0.9852893352508545,0.011476226150989532,4096
2453.6602179332267,0.982922375202179,0.011476226150989532,0
2453.667162856567,0.9784854054450989,0.011476226150989532,0
2453.6741077797014,0.9992908835411072,0.011476226150989532,0
2453.681052702644,1.0152742862701416,0.011476226150989532,0
2453.6949425485313,0.9951055645942688,0.011476226150989532,0
2453.701887471473,0.9801267385482788,0.011476226150989532,0
2453.7088323944163,0.983218789100647,0.011476226150989532,0
2453.715777317155,0.9719405174255371,0.011476226150989532,2048
2453.729667162249,0.974696159362793,0.011476226150989532,0
2453.736612084796,0.9760573506355286,0.011476226150989532,0
2453.7435570073426,0.9839156270027161,0.011476226150989532,0
2453.7505019298906,0.9893668293952942,0.011476226150989532,0
2453.7574468522325,0.998252272605896,0.011476226150989532,2048
2453.7643917743853,1.0025277137756348,0.011476226150989532,0
2453.7713366965386,0.9883835315704346,0.011476226150989532,0
2453.77828161869,0.9999110102653503,0.011476226150989532,0
2453.7852265408433,1.0010876655578613,0.011476226150989532,0
2453.792171462995,0.9755138754844666,0.011476226150989532,0
2453.7991163849447,0.9671075940132141,0.011476226150989532,0
2453.8060613067028,0.9790314435958862,0.011476226150989532,2048
2453.8130062284613,0.9873654246330261,0.011476226150989532,0
2453.8268960719793,0.9827157855033875,0.011476226150989532,0
2453.833840993738,1.0030202865600586,0.011476226150989532,0
2453.840785915293,1.0010011196136475,0.011476226150989532,0
2453.84773083666,0.9919650554656982,0.011476226150989532,0
2453.854675758025,0.9820353388786316,0.011476226150989532,2048
2453.8616206793913,0.9910392165184021,0.011476226150989532,0
2453.8685656007565,0.9780545830726624,0.011476226150989532,0
2453.875510522124,0.9803280830383301,0.011476226150989532,0
2453.8824554432867,0.9769258499145508,0.011476226150989532,0
2453.889400364262,0.9877819418907166,0.011476226150989532,2048
2453.896345285236,0.9910775423049927,0.011476226150989532,0
2453.9032902062113,1.00230872631073,0.011476226150989532,2048
2453.910235127185,0.9970653653144836,0.011476226150989532,0
2453.91718004816,0.9844805598258972,0.011476226150989532,0
2453.9241249689335,0.9758390784263611,0.011476226150989532,4096
2453.9310698895165,0.9773952960968018,0.011476226150989532,0
2453.944959730685,1.0027509927749634,0.011476226150989532,0
2453.95190465127,1.0000243186950684,0.011476226150989532,0
2453.958849571853,0.9898467063903809,0.011476226150989532,4096
2453.965794492236,0.9876135587692261,0.011476226150989532,2048
2453.9727394124297,1.0050983428955078,0.011476226150989532,0
2453.9796843326253,0.9747134447097778,0.011476226150989532,0
2453.986629252819,0.16880419850349426,0.011476226150989532,4096
2453.9935741730146,1.0021718740463257,0.011476226150989532,4096
2454.00051909321,0.9857387542724609,0.011476226150989532,0
2454.0144089330092,1.011144757270813,0.011476226150989532,2048
2454.0213538528146,1.000264286994934,0.011476226150989532,0
2454.028298772622,0.9786188006401062,0.011476226150989532,0
2454.0352436924272,0.9812456965446472,0.011476226150989532,0
2454.056078451259,0.9908344745635986,0.011476226150989532,0
2454.063023370677,0.9867793917655945,0.011476226150989532,0
2454.069968290096,1.009114384651184,0.011476226150989532,0
2454.0769132095156,0.9764158129692078,0.011476226150989532,2048
2454.0838581289336,1.004335880279541,0.011476226150989532,0
2454.0908030481537,0.9958298802375793,0.011476226150989532,0
2454.097747967185,1.004051685333252,0.011476226150989532,0
2454.104692886219,1.0181310176849365,0.011476226150989532,0
2454.11163780525,0.9866524338722229,0.011476226150989532,0
2454.1185827242825,1.016998052597046,0.011476226150989532,0
2454.125527643314,0.9865292310714722,0.011476226150989532,0
2454.1324725621485,0.9975326061248779,0.011476226150989532,0
2454.1394174807942,0.9947402477264404,0.011476226150989532,2048
2454.1463623994428,1.0057564973831177,0.011476226150989532,0
2454.15330731809,0.9954107403755188,0.011476226150989532,0
2454.1602522367375,0.9954228401184082,0.011476226150989532,0
2454.1671971553847,0.9784185886383057,0.011476226150989532,0
2454.174142073832,1.0095680952072144,0.011476226150989532,0
2454.181086992096,1.0259119272232056,0.011476226150989532,0
2454.188031910358,1.0051569938659668,0.011476226150989532,0
2454.1949768286217,0.9817590117454529,0.011476226150989532,0
2454.201921746884,0.9879582524299622,0.011476226150989532,0
2454.208866665148,0.9419516921043396,0.011476226150989532,0
2454.2158115832117,0.9216997027397156,0.011476226150989532,0
2454.2227565010917,0.8942766785621643,0.011476226150989532,0
2454.229701418972,0.8716219663619995,0.011476226150989532,0
2454.2366463368508,0.8926336169242859,0.011476226150989532,0
2454.2435912547317,0.9104787707328796,0.011476226150989532,0
2454.2505361726103,0.9260854721069336,0.011476226150989532,0
2454.2574810902934,0.9685333371162415,0.011476226150989532,2048
2454.26442600779,0.980424165725708,0.011476226150989532,0
2454.2713709252876,1.0023812055587769,0.011476226150989532,0
2454.2783158427837,1.0092734098434448,0.011476226150989532,0
2454.2852607602827,0.9781337380409241,0.011476226150989532,0
2454.299150595081,0.9958791136741638,0.011476226150989532,0
2454.306095512197,1.0068198442459106,0.011476226150989532,0
2454.3130404293133,1.0080479383468628,0.011476226150989532,0
2454.31998534643,1.0369336605072021,0.011476226150989532,0
2454.326930263545,0.9978845119476318,0.011476226150989532,0
2454.3338751806627,1.0248408317565918,0.011476226150989532,2048
2454.3408200975814,1.0191693305969238,0.011476226150989532,0
2454.347765014319,1.0073683261871338,0.011476226150989532,0
2454.354709931054,1.0068012475967407,0.011476226150989532,0
2454.3616548477917,1.01802659034729,0.011476226150989532,0
2454.368599764527,1.011807918548584,0.011476226150989532,0
2454.3755446812634,0.9904502034187317,0.011476226150989532,2048
2454.3824895978046,1.0226491689682007,0.011476226150989532,0
2454.3894345141607,1.0055581331253052,0.011476226150989532,0
2454.396379430519,1.0135583877563477,0.011476226150989532,0
2454.4033243468753,1.0319902896881104,0.011476226150989532,0
2454.4102692632323,1.0199800729751587,0.011476226150989532,0
2454.4172141795875,1.0024782419204712,0.011476226150989532,0
2454.4241590957504,1.0048773288726807,0.011476226150989532,0
2454.4311040117286,1.0122106075286865,0.011476226150989532,0
2454.4380489277078,1.015388011932373,0.011476226150989532,0
2454.444993843687,1.0087956190109253,0.011476226150989532,0
2454.4519387596665,1.0052406787872314,0.011476226150989532,2048
2454.4588836756466,1.0070509910583496,0.011476226150989532,0
2454.46582859143,1.0031203031539917,0.011476226150989532,0
2454.4797184226345,1.0022797584533691,0.011476226150989532,0
2454.486663338237,1.0033893585205078,0.011476226150989532,0
2454.4936082538393,1.0215214490890503,0.011476226150989532,0
2454.5005531694414,1.0160129070281982,0.011476226150989532,0
2454.514443000076,1.001029372215271,0.011476226150989532,0
2454.5213879153016,1.0166741609573364,0.011476226150989532,2048
2454.528332830529,1.0289748907089233,0.011476226150989532,0
2454.535277745755,1.019760012626648,0.011476226150989532,0
2454.5422226609817,1.012638807296753,0.011476226150989532,2048
2454.5491675760145,1.0218610763549805,0.011476226150989532,0
2454.556112490865,1.0013562440872192,0.011476226150989532,0
2454.5630574057177,1.0346574783325195,0.011476226150989532,0
2454.570002320568,1.021718144416809,0.011476226150989532,0
2454.5838921502714,1.0159235000610352,0.011476226150989532,0
2454.59083706493,1.0101072788238525,0.011476226150989532,0
2454.597781979408,1.0345994234085083,0.011476226150989532,0
2454.6047268938855,1.0189930200576782,0.011476226150989532,0
2454.6116718083645,1.0285238027572632,0.011476226150989532,0
2454.618616722841,1.0030694007873535,0.011476226150989532,0
2454.62556163732,1.0101664066314697,0.011476226150989532,0
2454.6325065516044,1.0223368406295776,0.011476226150989532,0
2454.6394514657095,1.0256305932998657,0.011476226150989532,0
2454.6463963798146,1.0230002403259277,0.011476226150989532,2048
2454.6533412939198,1.0271795988082886,0.011476226150989532,0
2454.660286208024,1.0155085325241089,0.011476226150989532,0
2454.6672311221305,1.0327531099319458,0.011476226150989532,2048
2454.6741760360424,1.0095173120498657,0.011476226150989532,0
2454.681120949777,1.0022178888320923,0.011476226150989532,0
2454.6880658635105,1.0040476322174072,0.011476226150989532,0
2454.695010777243,1.0240252017974854,0.011476226150989532,0
2454.7019556909777,1.0021244287490845,0.011476226150989532,0
2454.7089006047104,1.0206209421157837,0.011476226150989532,2048
2454.7158455182534,1.0020815134048462,0.011476226150989532,0
2454.7227904316155,1.02535080909729,0.011476226150989532,0
2454.7297353449794,0.992511510848999,0.011476226150989532,2048
2454.736680258342,1.0204917192459106,0.011476226150989532,0
2454.743625171705,1.0042353868484497,0.011476226150989532,0
2454.750570085068,0.9906738996505737,0.011476226150989532,0
2454.75751499824,1.0045100450515747,0.011476226150989532,0
2454.7644599112346,1.010401725769043,0.011476226150989532,0
2454.7714048242274,1.0166836977005005,0.011476226150989532,2048
2454.778349737222,1.0370732545852661,0.011476226150989532,0
2454.785294650215,1.016746163368225,0.011476226150989532,0
2454.7922395632086,1.0034619569778442,0.011476226150989532,0
2454.799184476011,1.0096830129623413,0.011476226150989532,2048
2454.806129388637,1.0141977071762085,0.011476226150989532,0
2454.8130743012616,1.0316053628921509,0.011476226150989532,0
2454.820019213888,1.0158472061157227,0.011476226150989532,0
2454.8269641265124,1.028167486190796,0.011476226150989532,0
2454.8339090391387,1.017870306968689,0.011476226150989532,0
2454.8408539515744,1.0085848569869995,0.011476226150989532,0
2454.847798863832,1.0357286930084229,0.011476226150989532,0
2454.8616886883483,1.029026985168457,0.011476226150989532,0
2454.868633600607,1.0189341306686401,0.011476226150989532,0
2454.8755785128646,1.0226025581359863,0.011476226150989532,0
2454.882523424935,1.0291039943695068,0.011476226150989532,2048
2454.8894683368258,1.021971583366394,0.011476226150989532,0
2454.896413248718,1.0138133764266968,0.011476226150989532,0
2454.9033581606104,1.0286972522735596,0.011476226150989532,0
2454.9103030725023,1.0295805931091309,0.011476226150989532,0
2454.9172479843955,1.0245285034179688,0.011476226150989532,0
2454.9241928960982,1.0129274129867554,0.011476226150989532,0
2454.9311378076263,1.015154480934143,0.011476226150989532,2048
2454.9380827191526,1.0162893533706665,0.011476226150989532,0
2454.9519725422083,1.008995532989502,0.011476226150989532,0
2454.9589174537364,1.0366023778915405,0.011476226150989532,2048
2454.965862365075,1.0298306941986084,0.011476226150989532,0
2454.972807276238,1.0026226043701172,0.011476226150989532,0
2454.9797521874007,1.0228314399719238,0.011476226150989532,0
2454.9866970985654,1.021788477897644,0.011476226150989532,0
2454.9936420097297,0.9941140413284302,0.011476226150989532,0
2455.000586920892,1.0053969621658325,0.011476226150989532,2048
2455.0075318318695,1.0242176055908203,0.011476226150989532,0
2455.014476742669,1.0015177726745605,0.011476226150989532,0
2455.02142165347,1.0110620260238647,0.011476226150989532,0
2455.02836656427,1.0229649543762207,0.011476226150989532,0
2455.042256385872,1.006082534790039,0.011476226150989532,0
2455.049201296487,1.0377957820892334,0.011476226150989532,0
2455.0561462069254,1.0222102403640747,0.011476226150989532,0
2455.063091117366,1.0120772123336792,0.011476226150989532,0
2455.0700360278056,1.025134563446045,0.011476226150989532,0
2455.076980938244,1.0041871070861816,0.011476226150989532,0
2455.0839258486844,0.9968135952949524,0.011476226150989532,0
2455.090870758937,0.9985798001289368,0.011476226150989532,0
2455.097815669017,1.0326048135757446,0.011476226150989532,0
2455.1047605790955,1.0187803506851196,0.011476226150989532,0
2455.1117054891756,1.0101001262664795,0.011476226150989532,0
2455.118650399254,1.0177829265594482,0.011476226150989532,0
2455.125595309333,1.0037720203399658,0.011476226150989532,0
2455.132540219226,1.0012439489364624,0.011476226150989532,0
2455.139485128947,1.008650541305542,0.011476226150989532,2048
2455.1464300386683,1.0152251720428467,0.011476226150989532,0
2455.1533749483874,1.0240463018417358,0.011476226150989532,2048
2455.160319858108,1.019945740699768,0.011476226150989532,2048
2455.167264767828,1.0124788284301758,0.011476226150989532,0
2455.1742096773633,1.0065910816192627,0.011476226150989532,0
2455.181154586725,1.0099786520004272,0.011476226150989532,0
2455.1880994960884,1.0063661336898804,0.011476226150989532,0
2455.1950444054496,0.9945037961006165,0.011476226150989532,0
2455.2089342241748,1.0001366138458252,0.011476226150989532,0
2455.2158791333536,1.014652132987976,0.011476226150989532,2048
2455.2228240423597,1.0046262741088867,0.011476226150989532,0
2455.229768951365,1.0164166688919067,0.011476226150989532,0
2455.2367138603713,0.9977078437805176,0.011476226150989532,0
2455.2436587693765,1.0051037073135376,0.011476226150989532,0
2455.250603678383,1.022294282913208,0.011476226150989532,0
2455.2575485872044,1.0254911184310913,0.011476226150989532,0
2455.2644934958557,1.014914631843567,0.011476226150989532,0
2455.2714384045057,1.0143933296203613,0.011476226150989532,0
2455.278383313156,1.0001343488693237,0.011476226150989532,0
2455.2853282218057,1.0223296880722046,0.011476226150989532,0
2455.292273130457,1.027408480644226,0.011476226150989532,2048
2455.2992180389256,0.9966745376586914,0.011476226150989532,0
2455.3061629472213,1.0104244947433472,0.011476226150989532,0
2455.313107855518,1.0144498348236084,0.011476226150989532,2048
2455.3200527638146,1.0025732517242432,0.011476226150989532,2048
2455.326997672111,1.0206876993179321,0.011476226150989532,0
2455.3339425804065,1.043088436126709,0.011476226150989532,0
2455.3408874885217,1.0323748588562012,0.011476226150989532,0
2455.3478323964646,1.0062477588653564,0.011476226150989532,0
2455.3547773044093,1.002031683921814,0.011476226150989532,0
2455.361722212352,1.0096714496612549,0.011476226150989532,2048
2455.368667120297,1.0272188186645508,0.011476226150989532,0
2455.3756120282405,1.0088993310928345,0.011476226150989532,0
2455.389501843595,0.9995898604393005,0.011476226150989532,0
2455.3964467511864,1.0060337781906128,0.011476226150989532,2048
2455.4033916587796,1.0083818435668945,0.011476226150989532,0
2455.4103365663714,1.0156183242797852,0.011476226150989532,0
2455.4172814739636,1.0304869413375854,0.011476226150989532,0
2455.424226381375,1.0008938312530518,0.011476226150989532,0
2455.431171288617,0.9887583255767822,0.011476226150989532,0
2455.4381161958586,0.9637600183486938,0.011476226150989532,0
2455.4450611031016,0.918012261390686,0.011476226150989532,0
2455.452006010345,0.8999630808830261,0.011476226150989532,0
2455.458950917586,0.8567404747009277,0.011476226150989532,2048
2455.465895824648,0.8728905320167542,0.011476226150989532,0
2455.4728407315415,0.8953457474708557,0.011476226150989532,0
2455.4797856384353,0.9152075052261353,0.011476226150989532,0
2455.4867305453276,0.9254101514816284,0.011476226150989532,0
2455.4936754522223,0.9572799801826477,0.011476226150989532,0
2455.5006203591147,0.9891282916069031,0.011476226150989532,0
2455.5075652658297,1.0008951425552368,0.011476226150989532,0
2455.5145101723747,1.028207778930664,0.011476226150989532,4096
2455.521455078923,1.0196571350097656,0.011476226150989532,4096
2455.52839998547,0.9930877089500427,0.011476226150989532,4096
2455.535344892015,1.015000343322754,0.011476226150989532,4096
2455.542289798561,1.0188488960266113,0.011476226150989532,6144
2455.5492347049285,0.9852238893508911,0.011476226150989532,4096
2455.5561796111288,1.0167820453643799,0.011476226150989532,4096
2455.5631245173277,1.0069259405136108,0.011476226150989532,4096
2455.570069423529,0.999267578125,0.011476226150989532,4096
2455.577014329728,1.017463207244873,0.011476226150989532,6144
2455.5839592359293,1.0202608108520508,0.011476226150989532,4096
2455.5909041419504,0.9951244592666626,0.011476226150989532,6144
2455.597849047806,1.0231164693832397,0.011476226150989532,4096
2455.6047939536625,1.0265190601348877,0.011476226150989532,6144
2455.611738859517,0.9942793250083923,0.011476226150989532,4096
2455.6186837653736,0.9849151968955994,0.011476226150989532,4096
2455.6256286712282,1.01730477809906,0.011476226150989532,4096
2455.6325735769083,0.9804782271385193,0.011476226150989532,4096
2455.639518482419,1.0150476694107056,0.011476226150989532,4096
2455.646463387932,1.0176409482955933,0.011476226150989532,4096
2455.6534082934445,0.9733654260635376,0.011476226150989532,4096
2455.6603531989567,0.9947267174720764,0.011476226150989532,4096
2455.6672981044685,1.0005766153335571,0.011476226150989532,4096
2455.6811879149777,1.0050122737884521,0.011476226150989532,4096
2455.688132820147,1.0284357070922852,0.011476226150989532,4096
2455.6950777253182,1.0090562105178833,0.011476226150989532,6144
2455.702022630488,1.0208518505096436,0.011476226150989532,4096
2455.70896753566,0.9873164892196655,0.011476226150989532,4096
2455.7159124406544,0.9856956005096436,0.011476226150989532,4096
2455.722857345486,0.9986541271209717,0.011476226150989532,4096
2455.729802250316,0.991836667060852,0.011476226150989532,4096
2455.7367471551474,0.993806004524231,0.011476226150989532,4096
2455.7506369648086,0.9995197653770447,0.011476226150989532,4096
2455.757581869465,1.000455379486084,0.011476226150989532,4096
2455.7645267739567,0.9961066842079163,0.011476226150989532,4096
2455.77147167845,0.9750297665596008,0.011476226150989532,4096
2455.7853614874343,0.9892027378082275,0.011476226150989532,6144
2455.7923063919256,1.0186767578125,0.011476226150989532,4096
2455.7992512962437,1.0251986980438232,0.011476226150989532,4096
2455.806196200399,1.0188963413238525,0.011476226150989532,4096
2455.8131411045542,1.0116169452667236,0.011476226150989532,4096
2455.820086008709,0.9941791296005249,0.011476226150989532,4096
2455.827030912865,0.9897223114967346,0.011476226150989532,4096
2455.8339758170227,1.015511393547058,0.011476226150989532,4096
2455.840920721004,0.9839144349098206,0.011476226150989532,4096
2455.8548105286436,1.0124255418777466,0.011476226150989532,6144
2455.861755432464,0.9836475849151611,0.011476226150989532,4096
2455.8687003362834,1.0630035400390625,0.011476226150989532,4096
2455.8756452401035,1.0077036619186401,0.011476226150989532,4096
2455.882590143751,0.9759268760681152,0.011476226150989532,4096
2455.889535047237,1.0466945171356201,0.011476226150989532,4096
2455.8964799507216,0.9971480369567871,0.011476226150989532,4096
2455.9034248542093,0.988193154335022,0.011476226150989532,4096
2455.9103697576966,0.9573390483856201,0.011476226150989532,4096
2455.9173146611815,0.991556704044342,0.011476226150989532,4096
2455.9242595644964,0.973369300365448,0.011476226150989532,4096
2455.931204467649,0.9352411031723022,0.011476226150989532,4096
2455.9381493708047,0.9896683096885681,0.011476226150989532,4096
2455.9450942739572,0.9387015700340271,0.011476226150989532,4096
2455.952039177113,0.9353945851325989,0.011476226150989532,4096
2455.9589840802655,0.9567679166793823,0.011476226150989532,4096
2455.9728738860726,1.0202391147613525,0.011476226150989532,6144
2455.979818788897,1.0293852090835571,0.011476226150989532,4096
2455.986763691722,1.0339382886886597,0.011476226150989532,4096
2455.9937085945444,1.0405380725860596,0.011476226150989532,6144
2456.0006534973695,1.0171376466751099,0.011476226150989532,4096
2456.007598400022,1.0291361808776855,0.011476226150989532,4096
2456.0145433025186,1.0139864683151245,0.011476226150989532,4096
2456.0214882050122,1.0324350595474243,0.011476226150989532,4096
2456.0284331075077,1.0198924541473389,0.011476226150989532,4096
2456.0353780100018,1.0202194452285767,0.011476226150989532,4096
2456.0423229124985,1.0204339027404785,0.011476226150989532,4096
2456.0562127169933,1.0110896825790405,0.011476226150989532,4096
2456.0631576191627,0.9994319081306458,0.011476226150989532,6144
2456.07010252133,0.992064356803894,0.011476226150989532,4096
2456.0770474235,0.9383384585380554,0.011476226150989532,4096
2456.0839923256676,0.9376347661018372,0.011476226150989532,4096
2456.090937227669,0.9434486627578735,0.011476226150989532,4096
2456.0978821295116,0.9450185298919678,0.011476226150989532,4096
2456.104827031355,0.9606672525405884,0.011476226150989532,4096
2456.111771933198,0.9378634691238403,0.011476226150989532,4096
2456.118716835042,0.9427846670150757,0.011476226150989532,4096
2456.1256617368845,0.9197930693626404,0.011476226150989532,4096
2456.132606638562,0.9542090892791748,0.011476226150989532,4096
2456.139551540083,1.0182857513427734,0.011476226150989532,4096
2456.1464964416027,1.072767972946167,0.011476226150989532,4096
2456.153441343123,1.1257216930389404,0.011476226150989532,4096
2456.1603862446423,0.9905274510383606,0.011476226150989532,6144
2456.1673311461636,1.031373143196106,0.011476226150989532,4096
2456.174276047517,1.0305126905441284,0.011476226150989532,4096
2456.1812209487175,1.024645447731018,0.011476226150989532,4096
2456.1881658499155,0.9642711877822876,0.011476226150989532,4096
2456.195110751116,1.0144145488739014,0.011476226150989532,6144
2456.202055652314,0.9525212645530701,0.011476226150989532,4096
2456.2090005535133,0.9458001852035522,0.011476226150989532,4096
2456.2159454545463,0.9600807428359985,0.011476226150989532,4096
2456.2298352563084,0.9123325943946838,0.011476226150989532,4096
2456.2367801571877,1.016112208366394,0.011476226150989532,4096
2456.243725058069,1.0867302417755127,0.011476226150989532,4096
2456.2506699589476,0.9839621186256409,0.011476226150989532,6144
2456.257614859664,1.0543479919433594,0.011476226150989532,4096
2456.264559760226,0.9896732568740845,0.011476226150989532,4096
2456.2715046607896,0.9999656081199646,0.011476226150989532,4096
2456.2784495613514,1.0204702615737915,0.011476226150989532,4096
2456.2853944619164,0.9857515692710876,0.011476226150989532,6144
2456.299284262879,1.4361685514450073,0.011476226150989532,4096
2456.306229163127,1.2191534042358398,0.011476226150989532,4096
2456.313174063375,1.1638416051864624,0.011476226150989532,4096
2456.320118963623,1.0836186408996582,0.011476226150989532,6144
2456.3270638638705,0.9692386984825134,0.011476226150989532,4096
2456.334008764118,0.9679912328720093,0.011476226150989532,4096
2456.3478985641395,1.009597897529602,0.011476226150989532,4096
2456.3548434640734,0.9861814975738525,0.011476226150989532,4096
2456.361788364009,0.990713357925415,0.011476226150989532,4096
2456.368733263943,0.9889825582504272,0.011476226150989532,4096
2456.375678163879,1.0130009651184082,0.011476226150989532,4096
2456.382623063653,0.9428360462188721,0.011476226150989532,4096
2456.3895679632765,0.943440854549408,0.011476226150989532,4096
2456.3965128629015,0.953059196472168,0.011476226150989532,4096
2456.4034577625243,1.0167431831359863,0.011476226150989532,4096
2456.4104026621494,0.991878092288971,0.011476226150989532,4096
2456.4173475617727,0.9984692335128784,0.011476226150989532,4096
2456.4242924612386,1.0269945859909058,0.011476226150989532,4096
2456.431237360553,1.0127034187316895,0.011476226150989532,4096
2456.438182259869,1.0171761512756348,0.011476226150989532,4096
2456.4451271591834,1.004213809967041,0.011476226150989532,4096
2456.4520720585,1.0942806005477905,0.011476226150989532,6144
2456.459016957817,0.9980326890945435,0.011476226150989532,4096
2456.465961856973,1.0456962585449219,0.011476226150989532,4096
2456.4729067559833,1.0212229490280151,0.011476226150989532,4096
2456.479851654993,1.033872365951538,0.011476226150989532,4096
2456.4867965540025,1.013263463973999,0.011476226150989532,4096
2456.493741453011,0.9807502627372742,0.011476226150989532,4096
2456.500686352021,0.984427809715271,0.011476226150989532,6144
2456.5076312508727,0.9825497269630432,0.011476226150989532,4096
2456.5145761495796,1.0333651304244995,0.011476226150989532,6144
2456.5215210482843,0.9803328514099121,0.011476226150989532,4096
2456.5284659469908,1.029251217842102,0.011476226150989532,4096
2456.5354108456963,1.0142987966537476,0.011476226150989532,4096
2456.542355744401,0.9985067248344421,0.011476226150989532,4096
2456.549300642952,1.009627342224121,0.011476226150989532,4096
2456.5562455413556,1.0071473121643066,0.011476226150989532,4096
2456.5631904397605,1.0229980945587158,0.011476226150989532,4096
2456.570135338164,1.0060043334960938,0.011476226150989532,4096
2456.577080236569,1.0335240364074707,0.011476226150989532,4096
2456.5840251349728,0.9843764901161194,0.011476226150989532,4096
2456.5909700332227,1.0354094505310059,0.011476226150989532,6144
2456.597914931328,0.9270041584968567,0.011476226150989532,4096
2456.61180472754,1.088330626487732,0.011476226150989532,6144
2456.6187496256443,0.9787976145744324,0.011476226150989532,4096
2456.6256945237496,1.0069440603256226,0.011476226150989532,4096
2456.632639421702,1.010351300239563,0.011476226150989532,4096
2456.6395843195132,1.0331586599349976,0.011476226150989532,6144
2456.6465292173216,0.947721540927887,0.011476226150989532,4096
2456.6534741151318,1.000915765762329,0.011476226150989532,4096
2456.66041901294,0.99741530418396,0.011476226150989532,4096
2456.6673639107494,0.9910186529159546,0.011476226150989532,4096
2456.674308808406,0.9579219222068787,0.011476226150989532,6144
2456.6812537059227,0.8761587738990784,0.011476226150989532,4096
2456.6881986034396,0.8948972821235657,0.011476226150989532,4096
2456.695143500954,0.7680352330207825,0.011476226150989532,4096
2456.7020883984696,0.9804502725601196,0.011476226150989532,4096
2456.709033295985,0.8774346709251404,0.011476226150989532,6144
2456.7159781933506,0.8567859530448914,0.011476226150989532,4096
2456.7229230905746,0.9767568707466125,0.011476226150989532,4096
2456.7298679878004,0.9683727622032166,0.011476226150989532,4096
2456.74375778225,0.9475430250167847,0.011476226150989532,4096
2456.750702679474,1.0532053709030151,0.011476226150989532,6144
2456.757647576551,0.9841592907905579,0.011476226150989532,4096
2456.764592473488,0.9929126501083374,0.011476226150989532,4096
2456.771537370424,0.9688245058059692,0.011476226150989532,4096
2456.7784822673616,0.9287094473838806,0.011476226150989532,4096
2456.7854271642977,1.042630910873413,0.011476226150989532,4096
2456.7923720612366,1.0385377407073975,0.011476226150989532,4096
2456.799316958025,0.9568989276885986,0.011476226150989532,4096
2456.8062618546783,0.9919238090515137,0.011476226150989532,4096
2456.813206751329,0.9877204895019531,0.011476226150989532,4096
2456.820151647982,0.9950377345085144,0.011476226150989532,4096
2456.8270965446322,0.9880177974700928,0.011476226150989532,4096
2456.8340414412855,1.0706818103790283,0.011476226150989532,4096
2456.840986337792,0.9359335899353027,0.011476226150989532,4096
2456.8548761305315,1.025633454322815,0.011476226150989532,4096
2456.8618210269,1.0100677013397217,0.011476226150989532,4096
2456.868765923271,1.0241317749023438,0.011476226150989532,4096
2456.8757108196396,0.9813703298568726,0.011476226150989532,6144
2456.8826557158654,1.0213361978530884,0.011476226150989532,4096
2456.8896006119567,0.9807499647140503,0.011476226150989532,4096
2456.8965455080474,0.9817073345184326,0.011476226150989532,4096
2456.9034904041373,0.9338131546974182,0.011476226150989532,4096
2456.9104353002294,0.9519659876823425,0.011476226150989532,4096
2456.917380196321,1.1023861169815063,0.011476226150989532,4096
2456.9243250922686,0.96917325258255,0.011476226150989532,4096
2456.931269988086,0.967659592628479,0.011476226150989532,4096
2456.9382148839004,0.9264214038848877,0.011476226150989532,6144
2456.9451597797165,1.0278092622756958,0.011476226150989532,4096
2456.952104675531,1.060611605644226,0.011476226150989532,4096
2456.959049571346,0.9219445586204529,0.011476226150989532,4096
2456.9659944670207,1.287994146347046,0.011476226150989532,4096
2456.9729393625635,0.9674227237701416,0.011476226150989532,4096
2456.9798842581054,1.0711908340454102,0.011476226150989532,4096
2456.986829153649,1.0305075645446777,0.011476226150989532,4096
2456.9937740491932,1.0478205680847168,0.011476226150989532,4096
2457.000718944735,0.9923065304756165,0.011476226150989532,4096
2457.007663840139,0.952316164970398,0.011476226150989532,4096
2457.014608735413,0.9913325309753418,0.011476226150989532,4096
2457.021553630687,0.991897463798523,0.011476226150989532,6144
2457.02849852596,0.9977718591690063,0.011476226150989532,4096
2457.035443421235,1.0284351110458374,0.011476226150989532,4096
2457.042388316508,0.9999709725379944,0.011476226150989532,4096
2457.0493332116457,1.0156444311141968,0.011476226150989532,4096
2457.0562781066533,1.0900118350982666,0.011476226150989532,4096
2457.063223001662,1.063811182975769,0.011476226150989532,4096
2457.0701678966725,1.0241824388504028,0.011476226150989532,4096
2457.08405768669,1.0015121698379517,0.011476226150989532,6144
2457.0910025815633,0.9717103242874146,0.011476226150989532,4096
2457.0979474763103,1.0506401062011719,0.011476226150989532,4096
2457.1048923710564,1.0082896947860718,0.011476226150989532,4096
2457.1118372658034,1.0253076553344727,0.011476226150989532,4096
2457.1187821605504,0.9662610292434692,0.011476226150989532,4096
2457.1257270552974,1.0193580389022827,0.011476226150989532,6144
2457.1396168444003,1.059375286102295,0.011476226150989532,4096
2457.14656173889,1.0323859453201294,0.011476226150989532,6144
2457.153506633378,1.0171270370483398,0.011476226150989532,4096
2457.1604515278673,1.0207741260528564,0.011476226150989532,4096
2457.1673964223564,1.040966510772705,0.011476226150989532,4096
2457.1743413167146,0.9852803349494934,0.011476226150989532,4096
2457.1812862109496,0.9911124110221863,0.011476226150989532,4096
2457.188231105185,0.9536259770393372,0.011476226150989532,4096
2457.195175999421,1.0325243473052979,0.011476226150989532,4096
2457.2021208936562,1.0926258563995361,0.011476226150989532,4096
2457.2090657878907,1.0569579601287842,0.011476226150989532,4096
2457.2160106819974,1.0074392557144165,0.011476226150989532,4096
2457.222955575984,0.9877554178237915,0.011476226150989532,4096
2457.2299004699685,1.0376849174499512,0.011476226150989532,4096
2457.2368453639538,1.0368412733078003,0.011476226150989532,4096
2457.243790257938,0.9774888753890991,0.011476226150989532,4096
2457.2507351519243,1.0283266305923462,0.011476226150989532,4096
2457.257680045782,0.9860395193099976,0.011476226150989532,4096
2457.264624939523,0.972733199596405,0.011476226150989532,4096
2457.2785147270024,1.0306940078735352,0.011476226150989532,4096
2457.285459620741,1.0691331624984741,0.011476226150989532,4096
2457.292404514481,1.0125185251235962,0.011476226150989532,4096
2457.299349408097,1.0325284004211426,0.011476226150989532,6144
2457.306294301595,1.0062812566757202,0.011476226150989532,4096
2457.313239195096,1.0109689235687256,0.011476226150989532,4096
2457.320184088593,0.9633166193962097,0.011476226150989532,4096
2457.327128982093,1.0100520849227905,0.011476226150989532,4096
2457.3340738755905,1.0443185567855835,0.011476226150989532,4096
2457.341018768968,1.0308884382247925,0.011476226150989532,4096
2457.3479636622287,1.0576164722442627,0.011476226150989532,6144
2457.354908555492,1.0379778146743774,0.011476226150989532,4096
2457.3618534487528,1.0933408737182617,0.011476226150989532,6144
2457.3687983420145,0.982864260673523,0.011476226150989532,4096
2457.375743235278,0.9978742003440857,0.011476226150989532,4096
2457.382688128419,1.074049949645996,0.011476226150989532,4096
2457.38963302145,1.0760729312896729,0.011476226150989532,4096
2457.396577914479,0.9173043966293335,0.011476226150989532,4096
2457.4035228075104,0.9727246165275574,0.011476226150989532,4096
2457.4104677005394,1.1264841556549072,0.011476226150989532,6144
2457.417412593569,1.0386950969696045,0.011476226150989532,4096
2457.424357486482,1.1337783336639404,0.011476226150989532,6144
2457.4313023792874,1.1054871082305908,0.011476226150989532,4096
2457.43824727209,0.9413158297538757,0.011476226150989532,4096
2457.452137057697,0.9728572964668274,0.011476226150989532,4096
2457.4590819504992,1.0485988855361938,0.011476226150989532,4096
2457.466026843189,1.0067055225372314,0.011476226150989532,6144
2457.472971735769,1.0669924020767212,0.011476226150989532,4096
2457.4799166283515,1.127703070640564,0.011476226150989532,4096
2457.4868615209316,0.9535682201385498,0.011476226150989532,6144
2457.493806413513,0.994922935962677,0.011476226150989532,6144
2457.500751306094,0.9855710864067078,0.011476226150989532,4096
2457.5076961985637,0.9545959234237671,0.011476226150989532,4096
2457.514641090927,0.9557642340660095,0.011476226150989532,4096
2457.521585983293,0.9342458248138428,0.011476226150989532,4096
2457.5354757680225,0.9900055527687073,0.011476226150989532,6144
2457.5424206603884,0.9180133938789368,0.011476226150989532,4096
2457.549365552644,0.9608516693115234,0.011476226150989532,4096
2457.5563104447974,0.9612326622009277,0.011476226150989532,4096
2457.5632553369514,0.9173145294189453,0.011476226150989532,4096
2457.570200229105,1.0101481676101685,0.011476226150989532,4096
2457.5771451212586,1.0083874464035034,0.011476226150989532,4096
2457.5840900134126,1.0136685371398926,0.011476226150989532,4096
2457.5910349054593,0.9576029777526855,0.011476226150989532,4096
2457.5979797974087,0.9289530515670776,0.011476226150989532,4096
2457.604924689357,0.987500011920929,0.011476226150989532,4096
2457.6118695813057,0.9885890483856201,0.011476226150989532,4096
2457.6188144732537,1.0637127161026,0.011476226150989532,6144
2457.6257593652012,1.0755244493484497,0.011476226150989532,4096
2457.632704257048,0.9949479103088379,0.011476226150989532,4096
2457.639649148796,1.0241018533706665,0.011476226150989532,4096
2457.646594040547,1.022703766822815,0.011476226150989532,4096
2457.6604838240455,1.052269697189331,0.011476226150989532,4096
2457.6674287157934,1.0608694553375244,0.011476226150989532,4096
2457.674373607443,1.018349528312683,0.011476226150989532,4096
2457.681318499,1.0293073654174805,0.011476226150989532,4096
2457.688263390555,0.9732473492622375,0.011476226150989532,4096
2457.695208282112,0.9386599659919739,0.011476226150989532,4096
2457.7021531736673,0.9204843044281006,0.011476226150989532,4096
2457.709098065224,0.9813321232795715,0.011476226150989532,4096
2457.7229878480525,1.0204906463623047,0.011476226150989532,6144
2457.729932739421,1.014443039894104,0.011476226150989532,4096
2457.7368776307917,0.9589317440986633,0.011476226150989532,4096
2457.7438225221604,1.0355762243270874,0.011476226150989532,4096
2457.750767413532,1.0336222648620605,0.011476226150989532,4096
2457.75771230481,1.0072697401046753,0.011476226150989532,4096
2457.764657195998,1.0271847248077393,0.011476226150989532,4096
2457.7716020871894,1.0573561191558838,0.011476226150989532,4096
2457.778546978378,1.0772593021392822,0.011476226150989532,4096
2457.785491869569,0.9978255033493042,0.011476226150989532,4096
2457.7924367607575,1.0450888872146606,0.011476226150989532,4096
2457.799381651858,0.9741765260696411,0.011476226150989532,4096
2457.806326542874,1.0399690866470337,0.011476226150989532,6144
2457.813271433892,1.0068926811218262,0.011476226150989532,4096
2457.8202163249084,0.9617973566055298,0.011476226150989532,4096
2457.8271612159265,1.01241934299469,0.011476226150989532,4096
2457.8341061069445,0.9843894243240356,0.011476226150989532,4096
2457.841050997875,0.9967139959335327,0.011476226150989532,4096
2457.847995888729,1.0244615077972412,0.011476226150989532,4096
2457.85494077958,0.9765093326568604,0.011476226150989532,4096
2457.8618856704325,1.0214635133743286,0.011476226150989532,4096
2457.8688305612836,1.0024818181991577,0.011476226150989532,4096
2457.8757754521353,0.9810695052146912,0.011476226150989532,4096
2457.882720342904,1.0420094728469849,0.011476226150989532,4096
2457.8896652335998,1.0060911178588867,0.011476226150989532,4096
2457.8966101242927,1.0878736972808838,0.011476226150989532,4096
2457.910499905683,0.9928086400032043,0.011476226150989532,6144
2457.9174447963765,0.9179767370223999,0.011476226150989532,4096
2457.9243896869934,0.9128668308258057,0.011476226150989532,4096
2457.9313345775367,0.8642494678497314,0.011476226150989532,6144
2457.938279468083,0.8948220610618591,0.011476226150989532,4096
2457.9452243586284,0.9238274693489075,0.011476226150989532,4096
2457.9521692491726,0.9408231973648071,0.011476226150989532,4096
2457.9591141397163,0.9171080589294434,0.011476226150989532,4096
2457.966059030189,1.0094401836395264,0.011476226150989532,4096
2457.973003920592,0.9610999226570129,0.011476226150989532,4096
2457.979948810996,0.9786420464515686,0.011476226150989532,6144
2458.0007834822068,0.9814788103103638,0.011476226150989532,4096
2458.007728372541,0.9700061678886414,0.011476226150989532,6144
2458.014673262813,0.9432531595230103,0.011476226150989532,4096
2458.0216181530836,0.9730548858642578,0.011476226150989532,4096
2458.0285630433555,1.0400744676589966,0.011476226150989532,4096
2458.035507933626,1.0485228300094604,0.011476226150989532,4096
2458.042452823899,1.0291413068771362,0.011476226150989532,4096
2458.049397714106,0.9901036024093628,0.011476226150989532,6144
2458.056342604254,1.0248255729675293,0.011476226150989532,4096
2458.063287494403,1.0188161134719849,0.011476226150989532,4096
2458.0771772747,1.0091732740402222,0.011476226150989532,4096
2458.084122164847,0.9903890490531921,0.011476226150989532,4096
2458.0910670549374,0.9982797503471375,0.011476226150989532,4096
2458.0980119449714,0.9510072469711304,0.011476226150989532,4096
2458.1049568350063,1.0236396789550781,0.011476226150989532,6144
2458.111901725041,0.9781413078308105,0.011476226150989532,4096
2458.1188466150757,1.0170592069625854,0.011476226150989532,4096
2458.132736395093,1.0240490436553955,0.011476226150989532,4096
2458.1396812850257,0.9741200804710388,0.011476226150989532,4096
2458.146626174956,1.0178101062774658,0.011476226150989532,4096
2458.1535710648886,1.0415152311325073,0.011476226150989532,4096
2458.1605159548194,1.0009747743606567,0.011476226150989532,6144
2458.1674608447524,0.9946150183677673,0.011476226150989532,6144
2458.174405734635,1.0254729986190796,0.011476226150989532,4096
2458.181350624474,0.9785763621330261,0.011476226150989532,4096
2458.188295514312,0.9920888543128967,0.011476226150989532,4096
2458.1952404041517,0.9738048315048218,0.011476226150989532,4096
2458.20913018383,1.0293365716934204,0.011476226150989532,4096
2458.2160750736293,1.0401543378829956,0.011476226150989532,4096
2458.223019963386,0.9652471542358398,0.011476226150989532,4096
2458.2299648531443,0.9023873805999756,0.011476226150989532,4096
2458.236909742901,0.9959249496459961,0.011476226150989532,6144
2458.24385463266,0.9868130683898926,0.011476226150989532,4096
2458.2507995224164,0.9951573014259338,0.011476226150989532,4096
2458.257744412138,1.0434366464614868,0.011476226150989532,4096
2458.2646893018245,0.936055064201355,0.011476226150989532,6144
2458.271634191514,0.9650081396102905,0.011476226150989532,4096
2458.2785790812004,0.9989031553268433,0.011476226150989532,4096
2458.2855239708897,1.0271673202514648,0.011476226150989532,4096
2458.2924688605776,0.9966607689857483,0.011476226150989532,6144
2458.2994137502355,0.9551702737808228,0.011476226150989532,4096
2458.306358639868,0.9993554949760437,0.011476226150989532,4096
2458.3133035294977,1.0354514122009277,0.011476226150989532,4096
2458.3202484191293,1.0112972259521484,0.011476226150989532,4096
2458.327193308759,0.9549100995063782,0.011476226150989532,4096
2458.3341381983896,1.0054945945739746,0.011476226150989532,4096
2458.341083087996,0.9915467500686646,0.011476226150989532,6144
2458.348027977583,0.9634696245193481,0.011476226150989532,4096
2458.3549728671683,0.9841044545173645,0.011476226150989532,4096
2458.3619177567552,1.0024893283843994,0.011476226150989532,4096
2458.3688626463418,1.0065077543258667,0.011476226150989532,4096
2458.375807535928,0.9727084040641785,0.011476226150989532,4096
2458.382752425498,0.9863181710243225,0.011476226150989532,4096
2458.3896973150536,1.0020240545272827,0.011476226150989532,6144
2458.3966422046096,1.0118547677993774,0.011476226150989532,6144
2458.4035870941643,1.0281816720962524,0.011476226150989532,4096
2458.417476873275,1.0378302335739136,0.011476226150989532,4096
2458.424421762823,1.015564203262329,0.011476226150989532,4096
2458.431366652361,1.0055094957351685,0.011476226150989532,4096
2458.4383115418996,1.015668272972107,0.011476226150989532,4096
2458.4452564314397,1.0109657049179077,0.011476226150989532,4096
2458.4522013209776,0.9838048815727234,0.011476226150989532,6144
2458.4591462105177,0.9942905902862549,0.011476226150989532,4096
2458.466091100055,1.0029364824295044,0.011476226150989532,4096
2458.4730359895943,0.9756955504417419,0.011476226150989532,4096
2458.4799808791313,1.0037447214126587,0.011476226150989532,4096
2458.4869257686696,1.0061320066452026,0.011476226150989532,4096
2458.4938706582066,0.9785667061805725,0.011476226150989532,4096
2458.5008155477453,0.983648955821991,0.011476226150989532,4096
2458.5077604372896,1.0024082660675049,0.011476226150989532,4096
2458.514705326842,0.9830023646354675,0.011476226150989532,4096
2458.5216502163953,0.9928478002548218,0.011476226150989532,4096
2458.5285951059464,1.0003137588500977,0.011476226150989532,4096
2458.5355399954997,0.9989710450172424,0.011476226150989532,4096
2458.542484885051,0.9813167452812195,0.011476226150989532,4096
2458.5494297746222,1.0026682615280151,0.011476226150989532,4096
2458.5563746642047,1.0063191652297974,0.011476226150989532,4096
2458.56331955379,0.9515904188156128,0.011476226150989532,4096
2458.5702644433723,0.962541401386261,0.011476226150989532,4096
2458.5772093329574,0.9949110150337219,0.011476226150989532,4096
2458.5841542225403,1.0106351375579834,0.011476226150989532,6144
2458.5910991121495,0.9859232306480408,0.011476226150989532,4096
2458.5980440017834,0.995744526386261,0.011476226150989532,6144
2458.604988891416,1.0170581340789795,0.011476226150989532,4096
2458.6119337810496,1.0251885652542114,0.011476226150989532,6144
2458.6188786706816,0.9800282120704651,0.011476226150989532,4096
2458.625823560316,1.016187071800232,0.011476226150989532,4096
2458.632768449984,0.962250828742981,0.011476226150989532,4096
2458.639713339686,0.9741827249526978,0.011476226150989532,4096
2458.646658229386,0.9672796726226807,0.011476226150989532,4096
2458.653603119088,0.9709151387214661,0.011476226150989532,4096
2458.6605480087883,0.9968383312225342,0.011476226150989532,4096
2458.6674928984894,0.9733424782752991,0.011476226150989532,4096
2458.6744377882346,1.0221766233444214,0.011476226150989532,4096
2458.6813826780244,0.9992731809616089,0.011476226150989532,4096
2458.688327567814,1.006919264793396,0.011476226150989532,4096
2458.695272457602,0.9767401814460754,0.011476226150989532,6144
2458.702217347392,0.9916049838066101,0.011476226150989532,6144
2458.709162237181,1.0124716758728027,0.011476226150989532,4096
2458.716107127026,1.0038971900939941,0.011476226150989532,6144
2458.7230520169237,0.9898117780685425,0.011476226150989532,4096
2458.7299969068213,0.9952149987220764,0.011476226150989532,4096
2458.7369417967193,1.0050427913665771,0.011476226150989532,4096
2458.743886686617,0.9940829277038574,0.011476226150989532,4096
2458.7508315765135,0.9763724207878113,0.011476226150989532,4096
2458.7647213565083,0.9669302701950073,0.011476226150989532,4096
2458.7716662465373,0.9662737250328064,0.011476226150989532,4096
2458.778611136566,1.0148743391036987,0.011476226150989532,4096
2458.7855560265953,1.0382030010223389,0.011476226150989532,4096
2458.792500916624,1.0012974739074707,0.011476226150989532,4096
2458.7994458067315,1.0142560005187988,0.011476226150989532,4096
2458.8063906969155,0.9802566170692444,0.011476226150989532,4096
2458.8133355870978,1.0069429874420166,0.011476226150989532,4096
2458.820280477282,1.0014616250991821,0.011476226150989532,4096
2458.827225367464,0.9916037321090698,0.011476226150989532,4096
2458.834170257648,0.9975650310516357,0.011476226150989532,4096
2458.841115147924,1.001718521118164,0.011476226150989532,4096
2458.8480600382854,0.9838972687721252,0.011476226150989532,4096
2458.855004928651,0.9870334267616272,0.011476226150989532,4096
2458.861949819013,1.0095815658569336,0.011476226150989532,4096
2458.868894709375,0.9911928176879883,0.011476226150989532,4096
2458.8758395997365,1.0103598833084106,0.011476226150989532,6144
2458.8827844902066,1.0124194622039795,0.011476226150989532,4096
2458.889729380773,1.0078564882278442,0.011476226150989532,6144
2458.896674271343,1.0154671669006348,0.011476226150989532,4096
2458.90361916191,0.9910898804664612,0.011476226150989532,4096
2458.9105640524795,1.012515902519226,0.011476226150989532,4096
2458.917508943048,1.020005464553833,0.011476226150989532,4096
2458.9244538337352,1.0398414134979248,0.011476226150989532,6144
2458.9313987245405,0.9986276626586914,0.011476226150989532,6144
2458.9383436153416,1.002107858657837,0.011476226150989532,4096
2458.9452885061437,0.9885793328285217,0.011476226150989532,4096
2458.952233396945,1.018428087234497,0.011476226150989532,4096
2458.959178287748,1.0104165077209473,0.011476226150989532,6144
2458.966123178685,1.0160565376281738,0.011476226150989532,4096
2458.973068069751,1.0174500942230225,0.011476226150989532,4096
2458.9800129608157,0.9485186338424683,0.011476226150989532,4096
2458.986957851882,0.9916472434997559,0.011476226150989532,4096
2458.9939027429477,0.9810200333595276,0.011476226150989532,4096
2459.000847634014,0.9852948784828186,0.011476226150989532,4096
2459.0077925252317,0.9866790771484375,0.011476226150989532,6144
2459.0147374165913,0.9693576097488403,0.011476226150989532,4096
2459.0216823079527,1.0611196756362915,0.011476226150989532,6144
2459.0286271993123,1.0370819568634033,0.011476226150989532,4096
2459.0355720906737,1.0056321620941162,0.011476226150989532,4096
2459.042516982033,1.0010359287261963,0.011476226150989532,4096
2459.0494618735634,1.0135281085968018,0.011476226150989532,4096
2459.056406765252,1.0111101865768433,0.011476226150989532,4096
2459.063351656941,1.0271772146224976,0.011476226150989532,4096
2459.0702965486316,1.023411750793457,0.011476226150989532,4096
2459.0772414403195,0.9760387539863586,0.011476226150989532,4096
2459.0841863320097,1.0291005373001099,0.011476226150989532,4096
2459.0911312238854,1.0113189220428467,0.011476226150989532,4096
2459.0980761159394,0.9561142325401306,0.011476226150989532,4096
2459.1050210079916,0.9811124801635742,0.011476226150989532,4096
2459.1119659000456,0.9796132445335388,0.011476226150989532,4096
2459.1189107920977,1.000264048576355,0.011476226150989532,6144
2459.1258556841503,0.9829633235931396,0.011476226150989532,4096
2459.1328005764103,0.9912145733833313,0.011476226150989532,4096
2459.139745468868,0.9614177942276001,0.011476226150989532,4096
2459.146690361323,0.9658470749855042,0.011476226150989532,4096
2459.1536352537764,0.9062091708183289,0.011476226150989532,4096
2459.1605801462324,0.8576986193656921,0.011476226150989532,4096
2459.167525038686,0.9146131873130798,0.011476226150989532,4096
2459.174469931371,0.9083678126335144,0.011476226150989532,6144
2459.181414824266,0.9123260974884033,0.011476226150989532,4096
2459.1883597171645,0.9707978963851929,0.011476226150989532,4096
2459.19530461006,0.9470208287239075,0.011476226150989532,4096
2459.202249502957,0.97800612449646,0.011476226150989532,4096
2459.209194395855,1.040074348449707,0.011476226150989532,4096
2459.216139289003,0.997352659702301,0.011476226150989532,4096
2459.223084182385,0.9552056193351746,0.011476226150989532,4096
2459.2300290757653,1.03030264377594,0.011476226150989532,4096
2459.236973969148,0.9809726476669312,0.011476226150989532,4096
2459.2439188625285,1.0265864133834839,0.011476226150989532,4096
2459.250863755911,1.0063790082931519,0.011476226150989532,6144
2459.2578086495655,1.0291333198547363,0.011476226150989532,4096
2459.264753543478,0.9868138432502747,0.011476226150989532,4096
2459.2716984373887,0.972023069858551,0.011476226150989532,4096
2459.2786433313013,1.0245778560638428,0.011476226150989532,4096
2459.285588225213,1.010180115699768,0.011476226150989532,4096
2459.292533119125,1.0247918367385864,0.011476226150989532,4096
2459.2994780133363,0.9892770648002625,0.011476226150989532,4096
2459.306422907825,1.0403687953948975,0.011476226150989532,4096
2459.313367802315,1.0055832862854004,0.011476226150989532,6144
2459.320312696805,0.9645828604698181,0.011476226150989532,4096
2459.3272575912947,1.0030986070632935,0.011476226150989532,4096
2459.3342024857848,1.03240168094635,0.011476226150989532,4096
2459.341147380602,0.9802832007408142,0.011476226150989532,4096
2459.3480922757203,1.0393400192260742,0.011476226150989532,4096
2459.3550371708393,1.0008981227874756,0.011476226150989532,4096
2459.361982065958,0.9244714379310608,0.011476226150989532,4096
2459.368926961078,1.0028856992721558,0.011476226150989532,4096
2459.3758718561985,0.9330408573150635,0.011476226150989532,6144
2459.38281675167,0.9576554298400879,0.011476226150989532,4096
2459.389761647473,1.0156670808792114,0.011476226150989532,4096
2459.3967065432757,1.0097641944885254,0.011476226150989532,4096
2459.403651439079,1.0013189315795898,0.011476226150989532,4096
2459.410596334883,1.0106309652328491,0.011476226150989532,4096
2459.4244861268717,1.011004090309143,0.011476226150989532,6144
2459.431431023416,0.9562933444976807,0.011476226150989532,4096
2459.438375919959,0.9420822262763977,0.011476226150989532,4096
2459.4453208165046,1.057707667350769,0.011476226150989532,4096
2459.452265713049,1.003619909286499,0.011476226150989532,4096
2459.4592106095924,1.0092933177947998,0.011476226150989532,4096
2459.466155506551,0.9770877957344055,0.011476226150989532,4096
2459.4731004038977,0.9722700119018555,0.011476226150989532,4096
2459.480045301245,1.0341739654541016,0.011476226150989532,4096
2459.48699019859,1.0649558305740356,0.011476226150989532,4096
2459.4939350959366,1.0060887336730957,0.011476226150989532,4096
2459.500879993282,1.0376887321472168,0.011476226150989532,6144
2459.5078248910754,1.0846093893051147,0.011476226150989532,4096
2459.5147697892867,0.9567781090736389,0.011476226150989532,4096
2459.5217146874993,1.0219557285308838,0.011476226150989532,4096
2459.5286595857124,1.0489519834518433,0.011476226150989532,6144
2459.5356044839245,0.9023149609565735,0.011476226150989532,4096
2459.5425493821367,1.074418067932129,0.011476226150989532,4096
2459.5494942808314,0.5500540137290955,0.011476226150989532,4096
2459.556439179977,0.4620850086212158,0.011476226150989532,6144
2459.563384079123,0.6521027684211731,0.011476226150989532,4096
2459.5703289782687,0.7420692443847656,0.011476226150989532,4096
2459.5772738774144,0.8875631093978882,0.011476226150989532,4096
2459.58421877656,0.2242157757282257,0.011476226150989532,6144
2459.591163676224,0.7541894912719727,0.011476226150989532,4096
2459.598108576376,0.6324151754379272,0.011476226150989532,4096
2459.6050534765272,0.4440239369869232,0.011476226150989532,4096
2459.6119983766766,0.7222869396209717,0.011476226150989532,6144
2459.6189432768274,0.7178985476493835,0.011476226150989532,6144
2459.6258881769777,0.6506280303001404,0.011476226150989532,4096
2459.632833077685,0.8842381238937378,0.011476226150989532,4096
2459.6397779789136,1.2400373220443726,0.011476226150989532,4096
2459.6467228801434,1.1804815530776978,0.011476226150989532,4096
2459.653667781372,1.5612510442733765,0.011476226150989532,4096
2459.660612682603,1.0636777877807617,0.011476226150989532,4096
2459.667557583831,1.4561694860458374,0.011476226150989532,4096
2459.6745024856586,1.219756841659546,0.011476226150989532,4096
2459.6814473880445,1.2935495376586914,0.011476226150989532,4096
2459.6883922904285,0.07742658257484436,0.011476226150989532,4096
2459.6953371928134,1.4608571529388428,0.011476226150989532,4096
2459.7022820951984,2.076273202896118,0.011476226150989532,4096
2459.7092269975838,2.5438928604125977,0.011476226150989532,4096
2459.7161719006053,4.4063568115234375,0.011476226150989532,4096
2459.723116804229,5.673611640930176,0.011476226150989532,6144
2459.7300617078486,6.161289215087891,0.011476226150989532,4096
2459.7370066114695,6.030709266662598,0.011476226150989532,4096
2459.743951515089,8.206048965454102,0.011476226150989532,4096
2459.7508964187105,5.77177619934082,0.011476226150989532,4096
2459.757841323012,5.6999664306640625,0.011476226150989532,4096
2459.764786227949,4.070614337921143,0.011476226150989532,4096
2459.7717311328865,2.8518424034118652,0.011476226150989532,6144
2459.7786760378244,0.6121612191200256,0.011476226150989532,4096
2459.7856209427628,0.6069633364677429,0.011476226150989532,4096
2459.7925658477006,,0.011476226150989532,4096
2459.806455659699,4.485406875610352,0.011476226150989532,4096
2459.8134005660368,3.589865207672119,0.011476226150989532,4096
2459.8203454723734,2.9108262062072754,0.011476226150989532,4096
2459.827290378712,2.864063262939453,0.011476226150989532,6144
2459.8342352850495,1.9370458126068115,0.011476226150989532,4096
2459.841180192154,1.5694247484207153,0.011476226150989532,6144
2459.8481250999744,1.7833926677703857,0.011476226150989532,4096
2459.8550700077944,1.3897920846939087,0.011476226150989532,4096
2459.862014915615,1.5412057638168335,0.011476226150989532,4096
2459.868959823434,1.099449634552002,0.011476226150989532,4096
2459.8759047312556,0.568120539188385,0.011476226150989532,4096
2459.882849639883,1.2058316469192505,0.011476226150989532,4096
2459.889794549268,,0.011476226150989532,6144
2459.8967394586516,0.12942108511924744,0.011476226150989532,4096
2459.9036843680383,0.5325280427932739,0.011476226150989532,4096
2459.9106292774236,0.882700502872467,0.011476226150989532,4096
2459.917574186807,0.36552175879478455,0.011476226150989532,4096
2459.92451909704,1.0644853115081787,0.011476226150989532,6144
2459.9314640080665,0.5612929463386536,0.011476226150989532,6144
2459.9453538301186,1.0950663089752197,0.011476226150989532,4096
2459.9522987411465,1.030234694480896,0.011476226150989532,4096
2459.959243652174,1.415733814239502,0.011476226150989532,4096
2459.9661885640867,1.1304168701171875,0.011476226150989532,4096
2459.973133476827,1.0477901697158813,0.011476226150989532,4096
2459.9800783895694,0.9932437539100647,0.011476226150989532,4096
2459.9870233023116,0.7665660381317139,0.011476226150989532,4096
2459.9939682150525,1.001250982284546,0.011476226150989532,4096
2460.000913127794,1.0927364826202393,0.011476226150989532,4096
2460.0078580414543,0.9964958429336548,0.011476226150989532,4096
2460.0148029559755,0.9618397355079651,0.011476226150989532,4096
2460.0217478704963,0.9580384492874146,0.011476226150989532,4096
2460.028692785017,1.108518123626709,0.011476226150989532,4096
2460.0356376995373,1.0642986297607422,0.011476226150989532,6144
2460.042582614058,1.1471586227416992,0.011476226150989532,4096
2460.049527529524,0.9882846474647522,0.011476226150989532,4096
2460.0564724458773,1.1036219596862793,0.011476226150989532,4096
2460.0634173622298,1.0847883224487305,0.011476226150989532,6144
2460.070362278583,1.0986900329589844,0.011476226150989532,4096
2460.077307194937,0.9977825284004211,0.011476226150989532,4096
2460.084252111288,1.0165742635726929,0.011476226150989532,4096
2460.0911970286065,0.9452860951423645,0.011476226150989532,4096
2460.0981419468276,0.9731093049049377,0.011476226150989532,4096
2460.1050868650505,1.010069727897644,0.011476226150989532,4096
2460.1120317832715,1.0188863277435303,0.011476226150989532,4096
2460.118976701495,0.9925428032875061,0.011476226150989532,4096
2460.125921619716,1.015944242477417,0.011476226150989532,4096
2460.132866538915,1.0082981586456299,0.011476226150989532,4096
2460.139811459026,0.9835617542266846,0.011476226150989532,4096
2460.1467563791352,1.0190455913543701,0.011476226150989532,4096
2460.153701299246,0.9949584603309631,0.011476226150989532,6144
2460.1606462193554,1.0583351850509644,0.011476226150989532,4096
2460.1675911394655,1.006851315498352,0.011476226150989532,4096
2460.1745360605464,0.9932878017425537,0.011476226150989532,4096
2460.181480982541,0.9999470710754395,0.011476226150989532,4096
2460.188425904535,1.0924946069717407,0.011476226150989532,4096
2460.195370826528,0.9930752515792847,0.011476226150989532,4096
2460.20231574852,1.033237338066101,0.011476226150989532,4096
2460.209260670514,0.9916521906852722,0.011476226150989532,4096
2460.2162055934637,1.0040823221206665,0.011476226150989532,4096
2460.2231505173063,1.0513153076171875,0.011476226150989532,4096
2460.2300954411503,0.9902915358543396,0.011476226150989532,4096
2460.2370403649948,0.9770197868347168,0.011476226150989532,6144
2460.2439852888383,1.0105922222137451,0.011476226150989532,4096
2460.250930212682,1.013485312461853,0.011476226150989532,4096
2460.2578751374485,1.0030616521835327,0.011476226150989532,6144
2460.2648200630792,1.017785668373108,0.011476226150989532,4096
2460.27176498871,0.9851841926574707,0.011476226150989532,6144
2460.2787099143397,1.0220025777816772,0.011476226150989532,4096
2460.2856548399714,1.0298428535461426,0.011476226150989532,4096
2460.2925997656043,0.9813200235366821,0.011476226150989532,4096
2460.2995446921063,0.9863420128822327,0.011476226150989532,6144
2460.306489619428,1.0054614543914795,0.011476226150989532,4096
2461.244054876646,0.9864420294761658,0.011476226150989532,0
2461.250999791414,0.9944896101951599,0.011476226150989532,0
2461.2579447052826,1.0005120038986206,0.011476226150989532,2048
2461.2648896183136,0.9963359832763672,0.011476226150989532,0
2461.2718345313424,0.9943754076957703,0.011476226150989532,0
2461.278779444373,0.9973365068435669,0.011476226150989532,0
2461.2857243574026,0.9904930591583252,0.011476226150989532,0
2461.2926692704336,1.001482367515564,0.011476226150989532,0
2461.299614182577,1.0047889947891235,0.011476226150989532,0
2461.3065590938863,0.989434003829956,0.011476226150989532,2048
2461.313504005197,1.0002734661102295,0.011476226150989532,0
2461.320448916507,1.0080169439315796,0.011476226150989532,2048
2461.3273938278185,0.9921507239341736,0.011476226150989532,0
2461.3343387391305,1.0112993717193604,0.011476226150989532,2048
2461.3412836495654,1.0009900331497192,0.011476226150989532,0
2461.3482285591804,1.0177220106124878,0.011476226150989532,0
2461.3551734687953,0.997207522392273,0.011476226150989532,0
2461.3690632880257,1.0024458169937134,0.011476226150989532,0
2461.3760081976416,1.009827971458435,0.011476226150989532,0
2461.382953106395,0.9992676973342896,0.011476226150989532,0
2461.3898980143413,1.010267972946167,0.011476226150989532,0
2461.3968429222873,1.022705078125,0.011476226150989532,0
2461.403787830234,0.9873389601707458,0.011476226150989532,0
2461.4107327381803,0.9801422953605652,0.011476226150989532,0
2461.4176776461263,0.988753616809845,0.011476226150989532,0
2461.4246225532274,1.009328842163086,0.011476226150989532,0
2461.431567459535,1.0065699815750122,0.011476226150989532,2048
2461.4385123658417,1.0000746250152588,0.011476226150989532,0
2461.44545727215,0.998956024646759,0.011476226150989532,0
2461.4524021784587,1.017393946647644,0.011476226150989532,0
2461.4593470847653,0.9902564883232117,0.011476226150989532,0
2461.4662919902453,1.0085867643356323,0.011476226150989532,0
2461.473236894945,1.0057103633880615,0.011476226150989532,0
2461.4801817996467,0.9954306483268738,0.011476226150989532,0
2461.487126704346,0.9920459985733032,0.011476226150989532,0
2461.4940716090464,0.9869166612625122,0.011476226150989532,0
2461.501016513747,1.0147490501403809,0.011476226150989532,0
2461.5079614176348,1.0074279308319092,0.011476226150989532,2048
2461.5149063207627,0.9944822192192078,0.011476226150989532,0
2461.5218512238894,1.0082253217697144,0.011476226150989532,0
2461.528796127017,0.985191285610199,0.011476226150989532,0
2461.5357410301426,0.9926673173904419,0.011476226150989532,2048
2461.54268593327,0.9846872687339783,0.011476226150989532,0
2461.5496308356005,0.9933938980102539,0.011476226150989532,0
2461.5565757371887,0.9835752248764038,0.011476226150989532,0
2461.563520638774,1.0088201761245728,0.011476226150989532,2048
2461.577410441947,0.9968182444572449,0.011476226150989532,0
2461.5843553435334,1.007157564163208,0.011476226150989532,0
2461.5913002443417,1.011440634727478,0.011476226150989532,0
2461.598245144423,0.9808127284049988,0.011476226150989532,0
2461.6051900445036,0.9494458436965942,0.011476226150989532,0
2461.612134944583,0.9494138956069946,0.011476226150989532,0
2461.619079844664,0.8936474323272705,0.011476226150989532,0
2461.626024744743,0.8996472358703613,0.011476226150989532,0
2461.632969644064,0.86839359998703,0.011476226150989532,2048
2461.639914542671,0.8873277306556702,0.011476226150989532,0
2461.646859441281,0.9097721576690674,0.011476226150989532,0
2461.653804339887,0.92933589220047,0.011476226150989532,0
2461.660749238496,0.9533644914627075,0.011476226150989532,0
2461.6676941371024,0.9993994832038879,0.011476226150989532,0
2461.674639034967,0.986025333404541,0.011476226150989532,0
2461.6815839321375,1.0053128004074097,0.011476226150989532,0
2461.6885288293074,1.0059477090835571,0.011476226150989532,0
2461.6954737264764,1.0182030200958252,0.011476226150989532,0
2461.702418623645,1.006208062171936,0.011476226150989532,0
2461.709363520814,0.9984496235847473,0.011476226150989532,0
2461.716308417256,0.98643559217453,0.011476226150989532,0
2461.72325331302,1.013506293296814,0.011476226150989532,0
2461.730198208784,1.0088706016540527,0.011476226150989532,0
2461.737143104547,1.0045762062072754,0.011476226150989532,0
2461.744088000309,1.0309078693389893,0.011476226150989532,0
2461.751032896073,1.0075690746307373,0.011476226150989532,0
2461.7649226855165,0.9837937355041504,0.011476226150989532,0
2461.771867579907,0.996604323387146,0.011476226150989532,2048
2461.7788124742965,1.0076932907104492,0.011476226150989532,0
2461.785757368686,1.0126065015792847,0.011476226150989532,0
2461.7927022630743,1.004690408706665,0.011476226150989532,0
2461.7996471567717,1.0062426328659058,0.011476226150989532,0
2461.8065920498184,1.00941801071167,0.011476226150989532,0
2461.820481835914,1.0066391229629517,0.011476226150989532,0
2461.827426728963,0.9981290102005005,0.011476226150989532,0
2461.834371622011,1.0066866874694824,0.011476226150989532,0
2461.84131651438,1.0027655363082886,0.011476226150989532,2048
2461.8482614061163,1.0047475099563599,0.011476226150989532,0
2461.855206297852,0.9915946125984192,0.011476226150989532,0
2461.8690960813246,0.9964239597320557,0.011476226150989532,2048
2461.8760409730603,0.9969396591186523,0.011476226150989532,0
2461.8829858641343,1.0091938972473145,0.011476226150989532,0
2461.889930754588,0.998883843421936,0.011476226150989532,0
2461.8968756450413,1.0044106245040894,0.011476226150989532,2048
2461.903820535497,0.9935194849967957,0.011476226150989532,0
2461.9107654259515,1.0072592496871948,0.011476226150989532,0
2461.9177103164043,1.0011118650436401,0.011476226150989532,0
2461.9246552062114,1.0069135427474976,0.011476226150989532,0
2461.931600095412,0.9923980832099915,0.011476226150989532,0
2461.9385449846122,0.9918617010116577,0.011476226150989532,0
2461.9454898738136,1.0114364624023438,0.011476226150989532,0
2461.952434763014,0.9963781833648682,0.011476226150989532,0
2461.9593796522145,1.0093916654586792,0.011476226150989532,0
2461.966324540782,0.9994344711303711,0.011476226150989532,0
2461.973269428756,1.0134416818618774,0.011476226150989532,0
2461.9802143167312,1.004404902458191,0.011476226150989532,0
2461.9871592047084,0.9973184466362,0.011476226150989532,0
2461.994104092682,1.0080291032791138,0.011476226150989532,0
2462.0010489806577,1.0019365549087524,0.011476226150989532,0
2462.007993868012,0.9969659447669983,0.011476226150989532,0
2462.0149387547885,0.9908008575439453,0.011476226150989532,0
2462.0218836415643,0.9974051713943481,0.011476226150989532,0
2462.0288285283405,0.9968047738075256,0.011476226150989532,0
2462.0427183018915,1.0070760250091553,0.011476226150989532,0
2462.04966318806,1.0048078298568726,0.011476226150989532,0
2462.056608073663,0.995209813117981,0.011476226150989532,0
2462.063552959266,0.9944556355476379,0.011476226150989532,0
2462.0704978448666,1.0256861448287964,0.011476226150989532,0
2462.0774427304696,1.0040315389633179,0.011476226150989532,2048
2462.08438761607,1.0043385028839111,0.011476226150989532,0
2462.0913325010797,0.9849254488945007,0.011476226150989532,0
2462.0982773855317,1.0274312496185303,0.011476226150989532,0
2462.1052222699864,0.9999957084655762,0.011476226150989532,0
2462.1121671544383,0.9925581812858582,0.011476226150989532,0
2462.119112038892,1.0079364776611328,0.011476226150989532,2048
2462.126056923344,1.0151773691177368,0.011476226150989532,0
2462.1330018072167,0.9925448894500732,0.011476226150989532,0
2462.139946690544,0.9945562481880188,0.011476226150989532,0
2462.146891573873,1.0014959573745728,0.011476226150989532,0
2462.1538364572,0.9970159530639648,0.011476226150989532,0
2462.1607813405276,0.9963127970695496,0.011476226150989532,2048
2462.167726223855,1.0099560022354126,0.011476226150989532,0
2462.1746711066116,1.0072510242462158,0.011476226150989532,0
2462.1816159888376,1.006879448890686,0.011476226150989532,0
2462.188560871063,1.0047920942306519,0.011476226150989532,2048
2462.1955057532878,0.9904816150665283,0.011476226150989532,0
2462.209395517737,0.9853559732437134,0.011476226150989532,0
2462.2163403994045,0.9974827170372009,0.011476226150989532,0
2462.2232852805473,1.0246502161026,0.011476226150989532,2048
2462.230230161692,0.99644535779953,0.011476226150989532,0
2462.2371750428356,0.9865466356277466,0.011476226150989532,0
2462.2441199239793,1.0025397539138794,0.011476226150989532,0
2462.2510648051225,1.0210294723510742,0.011476226150989532,2048
2462.2580096857196,0.981749951839447,0.011476226150989532,0
2462.264954565804,1.0067085027694702,0.011476226150989532,0
2462.271899445888,1.0080952644348145,0.011476226150989532,0
2462.2788443259706,1.0222573280334473,0.011476226150989532,0
2462.285789206055,0.9910775423049927,0.011476226150989532,2048
2462.29273408614,0.9978355765342712,0.011476226150989532,0
2462.2996789656854,1.0073577165603638,0.011476226150989532,0
2462.3066238447313,0.9915438890457153,0.011476226150989532,0
2462.313568723774,0.975852370262146,0.011476226150989532,0
2462.3205136028187,0.992419958114624,0.011476226150989532,0
2462.3274584818614,1.0131332874298096,0.011476226150989532,0
2462.3413482394217,1.0107886791229248,0.011476226150989532,0
2462.3482931174462,1.0060819387435913,0.011476226150989532,0
2462.355237995468,0.9965509176254272,0.011476226150989532,0
2462.362182873492,0.9919480085372925,0.011476226150989532,0
2462.369127751515,0.9897252917289734,0.011476226150989532,0
2462.376072629537,0.9893426895141602,0.011476226150989532,0
2462.383017507044,1.0071158409118652,0.011476226150989532,0
2462.3899623840634,0.997785747051239,0.011476226150989532,2048
2462.3969072610853,0.9974088072776794,0.011476226150989532,0
2462.403852138105,0.9940050840377808,0.011476226150989532,0
2462.4107970151263,1.0094668865203857,0.011476226150989532,0
2462.417741892146,0.9844204783439636,0.011476226150989532,0
2462.4246867686597,0.9978959560394287,0.011476226150989532,0
2462.431631644695,1.0015497207641602,0.011476226150989532,0
2462.4385765207317,1.0071467161178589,0.011476226150989532,0
2462.4455213967676,0.9996891617774963,0.011476226150989532,0
2462.4524662728027,1.0027790069580078,0.011476226150989532,0
2462.459411148842,1.0031721591949463,0.011476226150989532,2048
2462.466356024377,0.9990736246109009,0.011476226150989532,0
2462.4733008994453,1.0168120861053467,0.011476226150989532,2048
2462.4802457745127,0.9949083924293518,0.011476226150989532,0
2462.487190649582,0.9808235168457031,0.011476226150989532,0
2462.494135524649,0.9903026223182678,0.011476226150989532,0
2462.5010803997193,0.9942992329597473,0.011476226150989532,0
2462.5080252742955,0.9984831809997559,0.011476226150989532,0
2462.5149701484133,0.985492467880249,0.011476226150989532,0
2462.5219150225303,1.0025110244750977,0.011476226150989532,2048
2462.528859896647,1.0017880201339722,0.011476226150989532,0
2462.535804770764,0.9918805360794067,0.011476226150989532,0
2462.542749644882,1.007359504699707,0.011476226150989532,0
2462.5496945185155,0.9879165887832642,0.011476226150989532,0
2462.563584264878,0.9901272058486938,0.011476226150989532,0
2462.570529138058,1.0114960670471191,0.011476226150989532,0
2462.5774740112415,0.9866936206817627,0.011476226150989532,0
2462.5844188844217,1.0039445161819458,0.011476226150989532,0
2462.5913637571284,0.9978322386741638,0.011476226150989532,2048
2462.5983086293904,0.9982185959815979,0.011476226150989532,0
2462.6052535016493,1.0019609928131104,0.011476226150989532,0
2462.6121983739113,0.9946274757385254,0.011476226150989532,0
2462.633032990225,1.0017112493515015,0.011476226150989532,0
2462.63997786158,0.9947188496589661,0.011476226150989532,0
2462.6469227329335,1.0025982856750488,0.011476226150989532,2048
2462.653867604289,1.00581693649292,0.011476226150989532,0
2462.667757346997,1.0052779912948608,0.011476226150989532,0
2462.674702217891,1.0046807527542114,0.011476226150989532,0
2462.6816470883523,1.0039619207382202,0.011476226150989532,0
2462.688591958816,0.9851381778717041,0.011476226150989532,0
2462.6955368292765,0.986008882522583,0.011476226150989532,0
2462.7024816997396,0.9836272597312927,0.011476226150989532,0
2462.7094265702003,0.9888655543327332,0.011476226150989532,0
2462.716371440209,1.001284122467041,0.011476226150989532,0
2462.723316309791,1.0060943365097046,0.011476226150989532,0
2462.7302611793757,0.9853162169456482,0.011476226150989532,0
2462.737206048957,1.0052825212478638,0.011476226150989532,0
2462.744150918541,1.0042426586151123,0.011476226150989532,0
2462.7510957881236,0.9861326813697815,0.011476226150989532,2048
2462.758040657258,1.015932321548462,0.011476226150989532,0
2462.764985525977,1.0069977045059204,0.011476226150989532,0
2462.7719303946924,1.014065146446228,0.011476226150989532,0
2462.7788752634087,0.9978777170181274,0.011476226150989532,0
2462.785820132124,0.9861701130867004,0.011476226150989532,2048
2462.7927650008414,0.9939079880714417,0.011476226150989532,2048
2462.7997098691176,1.008123755455017,0.011476226150989532,0
2462.80665473698,1.0033053159713745,0.011476226150989532,0
2462.8135996048422,1.0355874300003052,0.011476226150989532,0
2462.8205444727046,1.0045937299728394,0.011476226150989532,2048
2462.827489340567,1.019343614578247,0.011476226150989532,0
2462.834434208429,0.9742332100868225,0.011476226150989532,0
2462.841379075858,0.939745306968689,0.011476226150989532,0
2462.8483239428774,0.932965099811554,0.011476226150989532,2048
2462.8622136769163,0.8579036593437195,0.011476226150989532,0
2462.8691585439374,0.8448001742362976,0.011476226150989532,0
2462.876103410958,0.8796762824058533,0.011476226150989532,2048
2462.8830482775497,0.902881383895874,0.011476226150989532,0
2462.8899931437386,0.9463693499565125,0.011476226150989532,0
2462.896938009928,0.9679068326950073,0.011476226150989532,0
2462.9038828761177,0.9918652772903442,0.011476226150989532,0
2462.910827742307,0.999646008014679,0.011476226150989532,0
2462.9177726084968,0.9893994331359863,0.011476226150989532,0
2462.924717474262,0.9972509741783142,0.011476226150989532,0
2462.931662339632,1.013824224472046,0.011476226150989532,0
2462.938607205,0.9898496270179749,0.011476226150989532,0
2462.9455520703705,1.0054774284362793,0.011476226150989532,0
2462.9524969357394,0.9871551990509033,0.011476226150989532,0
2462.959441801109,1.0099828243255615,0.011476226150989532,0
2462.96638666606,0.9991618394851685,0.011476226150989532,0
2462.9733315306194,0.9942479729652405,0.011476226150989532,2048
2462.98027639518,1.0006918907165527,0.011476226150989532,0
2462.98722125974,1.0092782974243164,0.011476226150989532,0
2463.0011109888596,1.021734356880188,0.011476226150989532,0
2463.0080558530076,0.9972571730613708,0.011476226150989532,0
2463.015000716767,1.0079448223114014,0.011476226150989532,2048
2463.0219455805295,1.01846444606781,0.011476226150989532,0
2463.0288904442887,1.009342074394226,0.011476226150989532,0
2463.0358353080505,1.0082063674926758,0.011476226150989532,0
2463.0427801718097,1.0067336559295654,0.011476226150989532,0
2463.049725035164,1.0170254707336426,0.011476226150989532,0
2463.0566698981365,1.0234637260437012,0.011476226150989532,0
2463.0636147611067,1.0041730403900146,0.011476226150989532,0
2463.0705596240787,1.0056003332138062,0.011476226150989532,0
2463.077504487049,1.007632851600647,0.011476226150989532,0
2463.0844493500194,0.9924091696739197,0.011476226150989532,2048
2463.091394212589,0.9987093210220337,0.011476226150989532,0
2463.0983390747797,1.0029280185699463,0.011476226150989532,0
2463.1052839369695,1.0127668380737305,0.011476226150989532,0
2463.112228799161,0.9864320755004883,0.011476226150989532,0
2463.1191736613514,0.9961937665939331,0.011476226150989532,0
2463.126118523544,0.9889811277389526,0.011476226150989532,0
2463.133063385338,1.0181082487106323,0.011476226150989532,0
2463.140008246756,0.9928998947143555,0.011476226150989532,2048
2463.1469531081775,0.990818202495575,0.011476226150989532,0
2463.153897969596,1.0074872970581055,0.011476226150989532,0
2463.1608428310183,1.0040249824523926,0.011476226150989532,0
2463.1747325534643,0.9869606494903564,0.011476226150989532,0
2463.1816774141207,0.9822537302970886,0.011476226150989532,0
2463.1886222747785,1.0046030282974243,0.011476226150989532,0
2463.1955671354367,1.0111738443374634,0.011476226150989532,0
2463.202511996095,1.0053988695144653,0.011476226150989532,0
2463.2094568567527,1.0129896402359009,0.011476226150989532,0
2463.2233465769245,1.0089614391326904,0.011476226150989532,0
2463.2302914368274,1.0016614198684692,0.011476226150989532,0
2463.237236296733,0.9949895143508911,0.011476226150989532,0
2463.2441811566355,0.9963205456733704,0.011476226150989532,0
2463.25112601654,0.9921126365661621,0.011476226150989532,0
2463.258070876058,0.9790337085723877,0.011476226150989532,0
2463.265015735216,0.9835405349731445,0.011476226150989532,0
2463.271960594375,0.991337776184082,0.011476226150989532,0
2463.2789054535338,1.008872389793396,0.011476226150989532,2048
2463.2858503126913,0.9931374192237854,0.011476226150989532,0
2463.2927951718493,1.0059407949447632,0.011476226150989532,0
2463.2997400306263,1.0176836252212524,0.011476226150989532,0
2463.306684889048,1.0070821046829224,0.011476226150989532,0
2463.313629747468,0.9943588376045227,0.011476226150989532,0
2463.320574605888,0.9918481111526489,0.011476226150989532,0
2463.3275194643084,1.0012835264205933,0.011476226150989532,0
2463.3344643227274,0.9992266297340393,0.011476226150989532,0
2463.341409180772,1.0047345161437988,0.011476226150989532,0
2463.3483540384623,0.99467933177948,0.011476226150989532,0
2463.355298896152,0.988274097442627,0.011476226150989532,0
2463.3622437538415,0.9888918995857239,0.011476226150989532,0
2463.3691886115316,1.0004383325576782,0.011476226150989532,0
2463.376133469223,0.9898898005485535,0.011476226150989532,0
2463.383078326539,1.0105481147766113,0.011476226150989532,0
2463.390023183506,1.012429118156433,0.011476226150989532,0
2463.3969680404725,0.9879468679428101,0.011476226150989532,2048
2463.403912897442,1.0022965669631958,0.011476226150989532,0
2463.410857754407,0.9851788878440857,0.011476226150989532,0
2463.4178026113755,0.9995588064193726,0.011476226150989532,0
2463.4247474679714,0.992835521697998,0.011476226150989532,0
2463.4316923242227,0.9954195618629456,0.011476226150989532,2048
2463.438637180476,1.0247844457626343,0.011476226150989532,0
2463.445582036727,1.0178864002227783,0.011476226150989532,2048
2463.452526892978,0.9959485530853271,0.011476226150989532,0
2463.459471749228,1.0080525875091553,0.011476226150989532,0
2463.466416605114,1.013200283050537,0.011476226150989532,0
2463.4733614606566,1.007365107536316,0.011476226150989532,0
2463.480306316199,0.9875438213348389,0.011476226150989532,0
2463.48725117174,0.9793354272842407,0.011476226150989532,0
2463.494196027283,0.9682758450508118,0.011476226150989532,2048
2463.501140882824,0.9913413524627686,0.011476226150989532,0
2463.5080857380053,0.9787495136260986,0.011476226150989532,2048
2463.515030592845,1.0013259649276733,0.011476226150989532,0
2463.5219754476843,0.9869069457054138,0.011476226150989532,0
2463.528920302524,0.9821284413337708,0.011476226150989532,0
2463.542810012206,0.9883130192756653,0.011476226150989532,0
2463.549754866685,0.9801635146141052,0.011476226150989532,0
2463.556699720829,0.9760652184486389,0.011476226150989532,0
2463.563644574971,0.9866669178009033,0.011476226150989532,0
2463.570589429116,0.9934242367744446,0.011476226150989532,0
2463.577534283261,0.9932301044464111,0.011476226150989532,0
2463.5844791374043,0.9954541325569153,0.011476226150989532,0
2463.5914239911926,1.0037403106689453,0.011476226150989532,0
2463.598368844646,0.9921149611473083,0.011476226150989532,0
2463.6053136981004,0.9751079082489014,0.011476226150989532,0
2463.6122585515545,0.9778597354888916,0.011476226150989532,0
2463.619203405009,0.9808513522148132,0.011476226150989532,0
2463.6261482584623,0.9987484812736511,0.011476226150989532,0
2463.633093111563,1.0111421346664429,0.011476226150989532,0
2463.6400379643333,0.98618483543396,0.011476226150989532,0
2463.646982817105,1.0095090866088867,0.011476226150989532,0
2463.6608725226442,0.9849064350128174,0.011476226150989532,0
2463.6678173754135,0.9846439361572266,0.011476226150989532,0
2463.6747622278367,0.987096905708313,0.011476226150989532,0
2463.681707079929,1.0020272731781006,0.011476226150989532,2048
2463.6886519320196,0.9979528188705444,0.011476226150989532,0
2463.695596784113,1.0013574361801147,0.011476226150989532,0
2463.702541636204,0.9926929473876953,0.011476226150989532,0
2463.7094864882984,0.9907951354980469,0.011476226150989532,2048
2463.716431340042,1.0017282962799072,0.011476226150989532,2048
2463.723376191463,0.9987064003944397,0.011476226150989532,2048
2463.7303210428818,1.001787781715393,0.011476226150989532,0
2463.7372658943027,0.9928075671195984,0.011476226150989532,0
2463.7442107457223,0.9805949926376343,0.011476226150989532,0
2463.7511555971428,0.9766643643379211,0.011476226150989532,0
2463.76504529897,0.9951547980308533,0.011476226150989532,0
2463.771990149724,0.9918642640113831,0.011476226150989532,0
2463.7789350004778,1.0028489828109741,0.011476226150989532,0
2463.7858798512307,0.9993658661842346,0.011476226150989532,0
2463.7928247019827,0.9985661506652832,0.011476226150989532,0
2463.8067144024876,0.9867201447486877,0.011476226150989532,2048
2463.813659252579,1.0057014226913452,0.011476226150989532,0
2463.82060410267,0.9992940425872803,0.011476226150989532,2048
2463.8275489527614,1.0006800889968872,0.011476226150989532,0
2463.8344938028536,0.9946984648704529,0.011476226150989532,0
2463.8414386526056,1.0113211870193481,0.011476226150989532,0
2463.8483835020415,0.9916552901268005,0.011476226150989532,0
2463.8553283514752,0.9643563032150269,0.011476226150989532,0
2463.8622732009107,0.9977371096611023,0.011476226150989532,0
2463.8692180503444,0.9886412620544434,0.011476226150989532,0
2463.8761628997813,0.9948176145553589,0.011476226150989532,0
2463.8831077488785,1.00222647190094,0.011476226150989532,0
2463.890052597662,1.0064524412155151,0.011476226150989532,0
2463.8969974464453,1.0039088726043701,0.011476226150989532,0
2463.90394229523,0.9888925552368164,0.011476226150989532,0
2463.9108871440135,1.0130256414413452,0.011476226150989532,2048
2463.9178319927955,1.0092417001724243,0.011476226150989532,0
2463.924776841246,1.008172631263733,0.011476226150989532,0
2463.9386665375205,0.999610424041748,0.011476226150989532,0
2463.9456113856554,0.9722397923469543,0.011476226150989532,0
2463.9525562337935,0.9889747500419617,0.011476226150989532,0
2463.9595010819285,0.9850110411643982,0.011476226150989532,0
2463.966445929735,1.001558542251587,0.011476226150989532,2048
2463.97339077723,0.9988386034965515,0.011476226150989532,0
2463.980335624725,0.9990425705909729,0.011476226150989532,0
2463.9942253197137,1.0138146877288818,0.011476226150989532,0
2464.00117016721,0.991885244846344,0.011476226150989532,0
2464.0081150143747,1.005668044090271,0.011476226150989532,0
2464.0150598612317,1.0010998249053955,0.011476226150989532,0
2464.0220047080884,1.0020551681518555,0.011476226150989532,0
2464.0289495549455,1.0023183822631836,0.011476226150989532,0
2464.0358944018035,0.9954729676246643,0.011476226150989532,0
2464.0428392486606,0.9856482148170471,0.011476226150989532,0
2464.0497840951907,1.0013331174850464,0.011476226150989532,0
2464.0567289414143,0.9961913228034973,0.011476226150989532,0
2464.0636737876407,0.9916815757751465,0.011476226150989532,0
2464.0706186338634,0.9703267216682434,0.011476226150989532,2048
2464.0775634800884,0.9600958824157715,0.011476226150989532,0
2464.0845083263116,0.9139875769615173,0.011476226150989532,0
2464.0914531722115,0.8986039757728577,0.011476226150989532,0
2464.0983980178075,0.8930277228355408,0.011476226150989532,0
2464.1053428634027,0.8823740482330322,0.011476226150989532,0
2464.112287708997,0.9010076522827148,0.011476226150989532,0
2464.119232554593,0.9162188768386841,0.011476226150989532,0
2464.126177400188,0.933880627155304,0.011476226150989532,2048
2464.1331222454614,0.9758016467094421,0.011476226150989532,2048
2464.1400670904322,0.9742353558540344,0.011476226150989532,0
2464.1470119354026,1.0161606073379517,0.011476226150989532,2048
2464.153956780373,0.9892417788505554,0.011476226150989532,0
2464.160901625344,0.9920544624328613,0.011476226150989532,0
2464.1678464703145,0.9908809661865234,0.011476226150989532,0
2464.1747913149648,0.9913136959075928,0.011476226150989532,0
2464.181736159315,1.000677466392517,0.011476226150989532,0
2464.1886810036635,1.0070561170578003,0.011476226150989532,0
2464.195625848016,0.987423300743103,0.011476226150989532,0
2464.2025706923655,1.0132843255996704,0.011476226150989532,0
2464.2095155367156,1.0009565353393555,0.011476226150989532,0
2464.216460380748,0.998639702796936,0.011476226150989532,2048
2464.223405224481,1.010280966758728,0.011476226150989532,0
2464.230350068215,0.9876899719238281,0.011476226150989532,0
2464.2372949119476,1.005146861076355,0.011476226150989532,0
2464.2442397556806,1.0065168142318726,0.011476226150989532,0
2464.2511845994145,0.9962657690048218,0.011476226150989532,0
2464.265074285952,0.9966009855270386,0.011476226150989532,0
2464.2720191290723,1.0094332695007324,0.011476226150989532,0
2464.2789639721927,0.9900771379470825,0.011476226150989532,0
2464.2928536584354,1.0238736867904663,0.011476226150989532,0
2464.3067433437527,0.991080105304718,0.011476226150989532,0
2464.3136881862647,0.9990690350532532,0.011476226150989532,0
2464.320633028776,1.0184351205825806,0.011476226150989532,0
2464.327577871287,0.9873637557029724,0.011476226150989532,0
2464.3345227137984,1.0042097568511963,0.011476226150989532,0
2464.341467555996,0.9971457123756409,0.011476226150989532,0
2464.3484123979033,0.9944793581962585,0.011476226150989532,2048
2464.355357239809,0.9958406686782837,0.011476226150989532,0
2464.362302081715,1.0081677436828613,0.011476226150989532,0
2464.3692469236207,0.9876676201820374,0.011476226150989532,0
2464.376191765527,1.0039438009262085,0.011476226150989532,2048
2464.383136607123,1.0022298097610474,0.011476226150989532,0
2464.390081448426,1.021451711654663,0.011476226150989532,0
2464.3970262897296,1.0011988878250122,0.011476226150989532,0
2464.403971131033,0.9901852607727051,0.011476226150989532,0
2464.410915972339,1.014600396156311,0.011476226150989532,0
2464.4178608136417,1.003316879272461,0.011476226150989532,0
2464.4248056546376,1.0013827085494995,0.011476226150989532,0
2464.4317504953415,1.0037401914596558,0.011476226150989532,2048
2464.4386953360486,1.011425256729126,0.011476226150989532,0
2464.445640176754,0.9917946457862854,0.011476226150989532,0
2464.459529858164,0.9940148591995239,0.011476226150989532,0
2464.466474698562,0.9878231883049011,0.011476226150989532,0
2464.4734195386727,0.9913615584373474,0.011476226150989532,0
2464.480364378782,1.0052896738052368,0.011476226150989532,0
2464.4873092188923,0.9864305257797241,0.011476226150989532,0
2464.4942540590014,1.0040913820266724,0.011476226150989532,0
2464.501198899113,1.0107194185256958,0.011476226150989532,0
2464.5081437389163,0.9998809099197388,0.011476226150989532,0
2464.515088578435,0.9991589188575745,0.011476226150989532,0
2464.522033417953,0.9885263442993164,0.011476226150989532,0
2464.535923096991,1.000008463859558,0.011476226150989532,0
2464.542867936508,0.9971554279327393,0.011476226150989532,0
2464.5498127757232,0.9994217753410339,0.011476226150989532,0
2464.5567576146514,1.0037133693695068,0.011476226150989532,2048
2464.563702453582,0.9876402616500854,0.011476226150989532,0
2464.5706472925103,0.9878888130187988,0.011476226150989532,0
2464.5775921314403,1.020669937133789,0.011476226150989532,0
2464.584536970369,1.0084397792816162,0.011476226150989532,0
2464.5914818089964,1.00148606300354,0.011476226150989532,2048
2464.5984266473406,0.962148129940033,0.011476226150989532,0
2464.605371485683,1.0092010498046875,0.011476226150989532,2048
2464.6123163240272,0.9953985810279846,0.011476226150989532,0
2464.6192611623705,1.0074502229690552,0.011476226150989532,0
2464.626206000715,1.0010989904403687,0.011476226150989532,0
2464.6331508387566,0.9950026273727417,0.011476226150989532,2048
2464.6400956765187,0.9963281750679016,0.011476226150989532,0
2464.647040514279,0.9921529293060303,0.011476226150989532,0
2464.6539853520408,0.9856170415878296,0.011476226150989532,0
2464.6609301898006,1.001086950302124,0.011476226150989532,0
2464.6678750275623,1.0109177827835083,0.011476226150989532,0
2464.6748198650243,0.9729443788528442,0.011476226150989532,2048
2464.6817647022053,0.9965415596961975,0.011476226150989532,0
2464.6887095393863,0.9956918954849243,0.011476226150989532,0
2464.695654376567,0.9989914298057556,0.011476226150989532,0
2464.702599213748,1.0012085437774658,0.011476226150989532,0
2464.7095440509297,0.9868285059928894,0.011476226150989532,0
2464.716488887813,0.9817489385604858,0.011476226150989532,0
2464.723433724416,0.9975358843803406,0.011476226150989532,0
2464.7303785610206,0.9997330904006958,0.011476226150989532,0
2464.7373233976255,0.9879496097564697,0.011476226150989532,0
2464.7442682342294,1.0021946430206299,0.011476226150989532,0
2464.7512130708346,0.9732580780982971,0.011476226150989532,0
2464.7581579071407,1.0121062994003296,0.011476226150989532,2048
2464.765102743173,0.9925720691680908,0.011476226150989532,2048
2464.772047579202,0.9748079776763916,0.011476226150989532,0
2464.7789924152326,1.0057557821273804,0.011476226150989532,0
2464.7859372512617,0.9960880279541016,0.011476226150989532,0
2464.792882087292,0.9915167689323425,0.011476226150989532,0
2464.799826923028,0.9990034699440002,0.011476226150989532,0
2464.8067717584863,0.9970109462738037,0.011476226150989532,0
2464.813716593944,0.9983798265457153,0.011476226150989532,0
2464.820661429403,0.9956654906272888,0.011476226150989532,2048
2464.8276062648633,0.9893640875816345,0.011476226150989532,0
2464.834551100321,0.9909489154815674,0.011476226150989532,0
2464.841495935486,1.0101181268692017,0.011476226150989532,0
2464.8623304401563,0.9944602847099304,0.011476226150989532,0
2464.8692752750458,1.0029351711273193,0.011476226150989532,0
2464.8762201099353,1.0048664808273315,0.011476226150989532,0
2464.8831649445347,1.0039070844650269,0.011476226150989532,2048
2464.890109778857,0.9896180033683777,0.011476226150989532,0
2464.897054613181,0.9958881735801697,0.011476226150989532,0
2464.903999447505,0.9919732809066772,0.011476226150989532,0
2464.9109442818285,0.9848935604095459,0.011476226150989532,0
2464.9248339501846,1.0060813426971436,0.011476226150989532,0
2464.9317787839454,0.9824965596199036,0.011476226150989532,2048
2464.9387236177045,1.0115492343902588,0.011476226150989532,0
2464.952613285225,1.008736491203308,0.011476226150989532,0
2464.959558118986,0.9982635378837585,0.011476226150989532,0
2464.9665029524554,1.0085103511810303,0.011476226150989532,0
2464.9734477856564,1.0000946521759033,0.011476226150989532,0
2464.980392618856,1.006879210472107,0.011476226150989532,2048
2464.987337452054,0.9856964945793152,0.011476226150989532,0
2464.9942822852527,1.0020205974578857,0.011476226150989532,0
2465.0012271184523,1.0038665533065796,0.011476226150989532,0
2465.0081719513637,1.0096899271011353,0.011476226150989532,0
2465.0151167840027,0.9871946573257446,0.011476226150989532,0
2465.022061616643,0.9894240498542786,0.011476226150989532,0
2465.0290064492838,1.0077619552612305,0.011476226150989532,0
2465.0359512819236,1.0014935731887817,0.011476226150989532,2048
2465.042896114564,1.0154463052749634,0.011476226150989532,0
2465.049840946917,0.9996199011802673,0.011476226150989532,0
2465.0567857790024,0.9969071745872498,0.011476226150989532,2048
2465.0637306110852,0.9940512776374817,0.011476226150989532,0
2465.0706754431703,1.0058199167251587,0.011476226150989532,0
2465.0776202752522,1.019742488861084,0.011476226150989532,0
2465.084565107338,1.0007537603378296,0.011476226150989532,0
2465.0915099391354,0.995144784450531,0.011476226150989532,0
2465.0984547706657,0.9958102107048035,0.011476226150989532,0
2465.1053996021947,0.9979031682014465,0.011476226150989532,0
2465.112344433726,0.9922709465026855,0.011476226150989532,0
2465.119289265255,0.9932084083557129,0.011476226150989532,0
2465.1262340967855,1.0115129947662354,0.011476226150989532,0
2465.1331789280302,1.0024235248565674,0.011476226150989532,0
2465.140123759009,1.0101765394210815,0.011476226150989532,0
2465.1470685899867,1.0002721548080444,0.011476226150989532,0
2465.154013420965,1.014944076538086,0.011476226150989532,0
2465.1609582519427,1.0027203559875488,0.011476226150989532,0
2465.1679030829196,1.0055475234985352,0.011476226150989532,0
2465.181792744044,1.005941390991211,0.011476226150989532,0
2465.1887375744723,1.0090347528457642,0.011476226150989532,0
2465.1956824049,1.0038514137268066,0.011476226150989532,0
2465.2026272353314,1.0013489723205566,0.011476226150989532,0
2465.2095720657594,0.9977161288261414,0.011476226150989532,0
2465.2165168959045,1.008914828300476,0.011476226150989532,0
2465.2234617257864,0.9915135502815247,0.011476226150989532,2048
2465.230406555668,1.0184543132781982,0.011476226150989532,0
2465.237351385549,1.009587287902832,0.011476226150989532,0
2465.244296215429,0.9995589256286621,0.011476226150989532,0
2465.251241045311,1.0094374418258667,0.011476226150989532,0
2465.2581858749104,1.0115336179733276,0.011476226150989532,0
2465.265130704247,1.0224517583847046,0.011476226150989532,0
2465.2720755335818,1.0095490217208862,0.011476226150989532,0
2465.2790203629183,1.0096684694290161,0.011476226150989532,2048
2465.2859651922563,1.013585090637207,0.011476226150989532,0
2465.292910021591,1.0054986476898193,0.011476226150989532,2048
2465.299854850646,0.9849216341972351,0.011476226150989532,0
2465.306799679439,0.954093873500824,0.011476226150989532,0
2465.313744508233,0.9416927099227905,0.011476226150989532,0
2465.327634165818,0.8891611695289612,0.011476226150989532,0
2465.3345789946097,0.8718034625053406,0.011476226150989532,0
2465.3415238231237,0.8758970499038696,0.011476226150989532,2048
2465.348468651375,0.8804751634597778,0.011476226150989532,0
2465.3554134796263,0.9232701063156128,0.011476226150989532,0
2465.3623583078784,0.9761291146278381,0.011476226150989532,0
2465.3693031361295,0.9911224246025085,0.011476226150989532,0
2465.376247964382,0.9985560178756714,0.011476226150989532,0
2465.383192792354,1.012549877166748,0.011476226150989532,2048
2465.390137620067,1.0050586462020874,0.011476226150989532,2048
2465.397082447779,1.014064073562622,0.011476226150989532,0
2465.4040272754924,1.0190871953964233,0.011476226150989532,2048
2465.410972103203,1.0111373662948608,0.011476226150989532,0
2465.417916930917,1.0048658847808838,0.011476226150989532,0
2465.4248617583517,1.0150243043899536,0.011476226150989532,0
2465.4318065855273,1.000077486038208,0.011476226150989532,0
2465.438751412703,1.000500202178955,0.011476226150989532,0
2465.445696239877,1.0108146667480469,0.011476226150989532,0
2465.4526410670537,1.012813925743103,0.011476226150989532,0
2465.459585894228,0.9994270205497742,0.011476226150989532,0
2465.466530721126,1.0166674852371216,0.011476226150989532,0
2465.473475547766,1.0090216398239136,0.011476226150989532,0
2465.4804203744075,1.0024490356445312,0.011476226150989532,0
2465.487365201046,1.000317931175232,0.011476226150989532,0
2465.4943100276855,1.0035396814346313,0.011476226150989532,0
2465.501254854326,0.9936580061912537,0.011476226150989532,2048
2465.5081996806916,0.9998905062675476,0.011476226150989532,0
2465.5151445067977,1.0054316520690918,0.011476226150989532,2048
2465.522089332903,1.00724458694458,0.011476226150989532,0
2465.5290341590107,1.0167979001998901,0.011476226150989532,0
2465.5429238112233,1.0132478475570679,0.011476226150989532,0
2465.549868637054,0.9986925721168518,0.011476226150989532,0
2465.55681346263,1.0096532106399536,0.011476226150989532,0
2465.563758288204,1.0008001327514648,0.011476226150989532,0
2465.5707031137795,0.9952973127365112,0.011476226150989532,2048
2465.577647939353,1.0032835006713867,0.011476226150989532,0
2465.591537590232,1.0005491971969604,0.011476226150989532,0
2465.598482415275,0.991459310054779,0.011476226150989532,0
2465.605427240321,0.9911289811134338,0.011476226150989532,0
2465.612372065366,0.9978627562522888,0.011476226150989532,0
2465.6193168904115,1.00441312789917,0.011476226150989532,0
2465.6262617154553,1.0063893795013428,0.011476226150989532,0
2465.6332065402285,0.9810178875923157,0.011476226150989532,2048
2465.6401513647447,1.0089211463928223,0.011476226150989532,0
2465.6470961892624,0.9875094294548035,0.011476226150989532,2048
2465.654041013778,0.9893174171447754,0.011476226150989532,2048
2465.660985838296,1.0077738761901855,0.011476226150989532,0
2465.6679306628134,1.0023741722106934,0.011476226150989532,0
2465.6748754870573,1.025349497795105,0.011476226150989532,0
2465.681820311049,0.9952908158302307,0.011476226150989532,4096
2465.688765135038,0.9951611757278442,0.011476226150989532,0
2465.6957099590304,1.0122960805892944,0.011476226150989532,0
2465.702654783021,1.0016237497329712,0.011476226150989532,0
2465.709599607011,0.993061900138855,0.011476226150989532,2048
2465.7165444307298,1.0003483295440674,0.011476226150989532,0
2465.7304340776636,0.9970998167991638,0.011476226150989532,0
2465.7373789011294,0.9939652681350708,0.011476226150989532,0
2465.744323724597,0.9927489161491394,0.011476226150989532,0
2465.751268548062,0.9962775707244873,0.011476226150989532,0
2465.7582133712585,0.9881911873817444,0.011476226150989532,0
2465.7651581942005,0.9987082481384277,0.011476226150989532,0
2465.772103017145,1.0014643669128418,0.011476226150989532,0
2465.779047840087,0.9907394051551819,0.011476226150989532,0
2465.785992663031,0.9981681704521179,0.011476226150989532,0
2465.7929374859727,1.0066531896591187,0.011476226150989532,0
2465.7998823086486,0.9959778785705566,0.011476226150989532,0
2465.806827131069,1.0076912641525269,0.011476226150989532,0
2465.813771953492,0.9772005677223206,0.011476226150989532,0
2465.8207167759133,0.9916539192199707,0.011476226150989532,0
2465.827661598336,0.9928107857704163,0.011476226150989532,2048
2465.8346064207585,0.9958503246307373,0.011476226150989532,0
2465.8415512429106,0.9847316145896912,0.011476226150989532,0
2465.8484960648125,0.9881243109703064,0.011476226150989532,0
2465.8554408867153,0.9805858731269836,0.011476226150989532,0
2465.8623857086172,0.9669432044029236,0.011476226150989532,0
2465.869330530519,0.9838795065879822,0.011476226150989532,0
2465.876275352421,0.9853249192237854,0.011476226150989532,0
2465.883220174056,0.9983037710189819,0.011476226150989532,0
2465.89016499544,1.0007522106170654,0.011476226150989532,2048
2465.90405463821,0.9840168952941895,0.011476226150989532,0
2465.9109994595938,0.9941753149032593,0.011476226150989532,0
2465.917944280976,0.9912585616111755,0.011476226150989532,0
2465.9248891020948,0.9990385174751282,0.011476226150989532,0
2465.9318339229626,0.9993230104446411,0.011476226150989532,0
2465.9457235646964,0.994315505027771,0.011476226150989532,0
2465.9526683855647,0.9644151329994202,0.011476226150989532,0
2465.9596132064316,0.992864191532135,0.011476226150989532,0
2465.9735028473865,0.9796375036239624,0.011476226150989532,0
2465.9804476677386,0.9921330809593201,0.011476226150989532,2048
2465.994337308444,0.9929550290107727,0.011476226150989532,2048
2466.001282128798,1.0033502578735352,0.011476226150989532,0
2466.008226948885,0.9981169104576111,0.011476226150989532,0
2466.0151717687245,0.9879220724105835,0.011476226150989532,0
2466.0221165885623,0.9775375723838806,0.011476226150989532,0
2466.029061408402,0.9742496013641357,0.011476226150989532,0
2466.0360062282407,0.9858322143554688,0.011476226150989532,2048
2466.0429510480803,1.0225850343704224,0.011476226150989532,0
2466.049895867655,1.0034501552581787,0.011476226150989532,2048
2466.0568406869816,1.0151013135910034,0.011476226150989532,0
2466.0637855063096,1.0002633333206177,0.011476226150989532,0
2466.0707303256354,0.9840602278709412,0.011476226150989532,0
2466.077675144963,0.98984295129776,0.011476226150989532,2048
2466.084619964289,0.9980149865150452,0.011476226150989532,0
2466.098509602169,1.0002435445785522,0.011476226150989532,0
2466.1054544209865,0.9866331219673157,0.011476226150989532,2048
2466.112399239804,0.9968390464782715,0.011476226150989532,0
2466.11934405862,1.0046782493591309,0.011476226150989532,0
2466.126288877437,1.0053825378417969,0.011476226150989532,0
2466.13323369599,0.9831224083900452,0.011476226150989532,0
2466.1401785142984,0.9726471304893494,0.011476226150989532,0
2466.1471233326047,0.9868946671485901,0.011476226150989532,0
2466.1540681509127,0.994866132736206,0.011476226150989532,0
2466.161012969219,1.0110269784927368,0.011476226150989532,0
2466.167957787528,1.0012502670288086,0.011476226150989532,0
2466.1749026055722,0.993884801864624,0.011476226150989532,0
2466.1818474233723,0.9955363869667053,0.011476226150989532,0
2466.188792241172,0.9923045039176941,0.011476226150989532,0
2466.1957370589726,0.9900871515274048,0.011476226150989532,0
2466.202681876773,0.977801501750946,0.011476226150989532,0
2466.2096266945714,0.9852100014686584,0.011476226150989532,0
2466.2165715121114,0.9864252209663391,0.011476226150989532,0
2466.2235163294035,1.0012977123260498,0.011476226150989532,0
2466.2304611466975,0.9915605187416077,0.011476226150989532,2048
2466.2374059639897,0.9969912767410278,0.011476226150989532,0
2466.244350781284,0.9861798882484436,0.011476226150989532,6144
2466.251295598577,0.985633373260498,0.011476226150989532,0
2466.2582404156096,0.9903086423873901,0.011476226150989532,0
2466.265185232399,0.9964314699172974,0.011476226150989532,0
2466.2721300491867,1.0025315284729004,0.011476226150989532,0
2466.2860196827633,1.009325623512268,0.011476226150989532,0
2466.292964499554,0.9826712608337402,0.011476226150989532,2048
2466.299909316082,0.9838277697563171,0.011476226150989532,0
2466.31379894865,1.0008721351623535,0.011476226150989532,0
2466.3207437649367,1.004042387008667,0.011476226150989532,0
2466.3276885812215,1.0010002851486206,0.011476226150989532,0
2466.334633397506,1.0172934532165527,0.011476226150989532,0
2466.3415782135326,0.9890701174736023,0.011476226150989532,0
2466.348523029315,0.9966424703598022,0.011476226150989532,0
2466.3554678450973,0.9837704300880432,0.011476226150989532,0
2466.3624126608797,0.989669919013977,0.011476226150989532,0
2466.369357476664,1.0008670091629028,0.011476226150989532,0
2466.3763022924454,1.00591242313385,0.011476226150989532,0
2466.3832471079704,0.9930515289306641,0.011476226150989532,0
2466.3901919232508,1.0054032802581787,0.011476226150989532,0
2466.3971367385348,0.9972651600837708,0.011476226150989532,0
2466.404081553815,1.0080945491790771,0.011476226150989532,2048
2466.4110263690977,0.9896054863929749,0.011476226150989532,0
2466.417971184379,0.9855267405509949,0.011476226150989532,0
2466.4249159994038,1.0015956163406372,0.011476226150989532,0
2466.431860814185,0.9909768104553223,0.011476226150989532,0
2466.4388056289677,0.9892892837524414,0.011476226150989532,0
2466.4457504437505,0.9822789430618286,0.011476226150989532,0
2466.4526952585325,1.0001071691513062,0.011476226150989532,0
2466.459640073314,1.0163912773132324,0.011476226150989532,0
2466.46658488784,1.0071440935134888,0.011476226150989532,0
2466.4735297021234,0.997785210609436,0.011476226150989532,0
2466.480474516407,0.9907254576683044,0.011476226150989532,0
2466.4874193306905,0.9895390272140503,0.011476226150989532,0
2466.4943641449754,1.0014084577560425,0.011476226150989532,0
2466.50130895926,1.009717345237732,0.011476226150989532,0
2466.508253773286,1.0098607540130615,0.011476226150989532,0
2466.5151985870725,1.0036906003952026,0.011476226150989532,0
2466.522143400861,0.9995435476303101,0.011476226150989532,2048
2466.5290882146473,1.0090116262435913,0.011476226150989532,0
2466.5360330284343,0.9710906147956848,0.011476226150989532,2048
2466.549922655752,0.9187366366386414,0.011476226150989532,0
2466.556867469042,0.8888841867446899,0.011476226150989532,0
2466.563812282334,0.8925085663795471,0.011476226150989532,0
2466.5707570956247,0.8881678581237793,0.011476226150989532,0
2466.584646722206,0.9125584363937378,0.011476226150989532,0
2466.605481160836,0.9864867925643921,0.011476226150989532,0
2466.6124259736334,1.0048772096633911,0.011476226150989532,0
2466.6193707864295,0.9879845380783081,0.011476226150989532,0
2466.6263155992265,1.0096781253814697,0.011476226150989532,2048
2466.6332604117674,1.0337311029434204,0.011476226150989532,0
2466.640205224072,0.9986595511436462,0.011476226150989532,0
2466.6471500363737,1.0038788318634033,0.011476226150989532,0
2466.6540948486777,0.9804252982139587,0.011476226150989532,0
2466.6610396609794,0.994117021560669,0.011476226150989532,0
2466.667984473285,0.9989630579948425,0.011476226150989532,2048
2466.6749292853347,0.9992859959602356,0.011476226150989532,0
2466.6818740971444,0.996087908744812,0.011476226150989532,0
2466.688818908957,1.00167977809906,0.011476226150989532,0
2466.695763720767,1.0009989738464355,0.011476226150989532,0
2466.7027085325785,0.9909321069717407,0.011476226150989532,0
2466.7096533443882,1.0023757219314575,0.011476226150989532,0
2466.7235429672664,0.9923058152198792,0.011476226150989532,0
2466.7304877785864,1.0163626670837402,0.011476226150989532,2048
2466.7374325899073,0.9816027283668518,0.011476226150989532,0
2466.744377401227,0.9928830862045288,0.011476226150989532,0
2466.7513222125476,0.999411940574646,0.011476226150989532,0
2466.758267023614,0.9809258580207825,0.011476226150989532,0
2466.7652118344463,1.0103405714035034,0.011476226150989532,0
2466.772156645275,0.9971638917922974,0.011476226150989532,0
2466.7791014561067,0.9770634174346924,0.011476226150989532,0
2466.786046266938,1.0076848268508911,0.011476226150989532,0
2466.792991077768,1.0064430236816406,0.011476226150989532,0
2466.7999358883458,1.0109349489212036,0.011476226150989532,0
2466.806880698687,0.9846506118774414,0.011476226150989532,2048
2466.81382550903,1.0014506578445435,0.011476226150989532,2048
2466.8207703193716,0.9998173713684082,0.011476226150989532,0
2466.827715129714,1.0016976594924927,0.011476226150989532,2048
2466.8346599400556,1.0157591104507446,0.011476226150989532,0
2466.841604750147,1.0008538961410522,0.011476226150989532,0
2466.84854956,0.9930536150932312,0.011476226150989532,0
2466.8554943698555,0.9896395206451416,0.011476226150989532,0
2466.8693839895645,1.0112143754959106,0.011476226150989532,0
2466.876328799418,0.994178295135498,0.011476226150989532,0
2466.883273609023,0.9936702847480774,0.011476226150989532,0
2466.89021841839,0.9949390292167664,0.011476226150989532,0
2466.897163227759,0.9888426065444946,0.011476226150989532,2048
2466.9041080371267,0.9869616627693176,0.011476226150989532,0
2466.9110528464957,0.9978159666061401,0.011476226150989532,0
2466.917997655864,0.9919005632400513,0.011476226150989532,0
2466.9249424649815,1.0077669620513916,0.011476226150989532,0
2466.9318872738663,0.9915580153465271,0.011476226150989532,0
2466.938832082748,0.988054096698761,0.011476226150989532,0
2466.945776891631,1.0000851154327393,0.011476226150989532,2048
2466.952721700514,1.0031898021697998,0.011476226150989532,0
2466.959666509399,0.9934845566749573,0.011476226150989532,0
2466.9666113180315,0.9950218200683594,0.011476226150989532,0
2466.973556126431,1.0110950469970703,0.011476226150989532,0
2466.980500934831,0.9932299256324768,0.011476226150989532,0
2466.9874457432297,0.9847075939178467,0.011476226150989532,0
2466.994390551629,0.9904483556747437,0.011476226150989532,0
2467.001335360029,1.00811767578125,0.011476226150989532,0
2467.0152249760936,0.989271342754364,0.011476226150989532,0
2467.0221697840107,0.9975671172142029,0.011476226150989532,2048
2467.0291145919277,1.0078455209732056,0.011476226150989532,0
2467.036059399844,0.9915528297424316,0.011476226150989532,2048
2467.043004207759,1.0190938711166382,0.011476226150989532,0
2467.0499490154302,0.9987664222717285,0.011476226150989532,0
2467.0568938228644,0.9918130040168762,0.011476226150989532,0
2467.063838630298,0.9899287819862366,0.011476226150989532,0
2467.0707834377336,0.995651125907898,0.011476226150989532,0
2467.0777282451677,0.9884255528450012,0.011476226150989532,2048
2467.084673052603,0.9747188091278076,0.011476226150989532,0
2467.0916178597886,0.9945485591888428,0.011476226150989532,0
2467.0985626667443,0.9935128688812256,0.011476226150989532,0
2467.1055074736973,0.9998271465301514,0.011476226150989532,2048
2467.112452280652,0.9900017380714417,0.011476226150989532,0
2467.119397087605,0.9784219264984131,0.011476226150989532,0
2467.1263418945614,0.9747803807258606,0.011476226150989532,0
2467.1332867012684,0.9899230599403381,0.011476226150989532,0
2467.140231507742,0.9688650965690613,0.011476226150989532,0
2467.147176314218,1.00657320022583,0.011476226150989532,4096
2467.161065927167,0.9951255321502686,0.011476226150989532,4096
2467.1680107336415,0.9911026358604431,0.011476226150989532,2048
2467.1749555398696,0.998489499092102,0.011476226150989532,0
2467.181900345865,1.009055256843567,0.011476226150989532,0
2467.188845151861,0.9856753945350647,0.011476226150989532,0
2467.195789957858,1.0028873682022095,0.011476226150989532,0
2467.202734763855,0.9919925332069397,0.011476226150989532,0
2467.209679569851,0.9910984039306641,0.011476226150989532,0
2467.216624375602,0.9902430176734924,0.011476226150989532,0
2467.2235691811215,0.9942334890365601,0.011476226150989532,2048
2467.2305139866394,1.0025898218154907,0.011476226150989532,0
2467.23745879216,0.9933978915214539,0.011476226150989532,0
2467.244403597678,0.9855855107307434,0.011476226150989532,0
2467.2513484031974,1.0036391019821167,0.011476226150989532,0
2467.2582932084697,1.018355131149292,0.011476226150989532,0
2467.272182818556,1.006102442741394,0.011476226150989532,0
2467.279127623598,0.9917646646499634,0.011476226150989532,2048
2467.286072428643,1.0011937618255615,0.011476226150989532,0
2467.293017233684,0.9855756163597107,0.011476226150989532,0
2467.299962038483,0.9973876476287842,0.011476226150989532,0
2467.3069068430514,0.9988757967948914,0.011476226150989532,0
2467.313851647619,0.981539785861969,0.011476226150989532,2048
2467.3207964521853,0.9918236136436462,0.011476226150989532,0
2467.3277412567536,1.0097286701202393,0.011476226150989532,0
2467.334686061322,0.9933860301971436,0.011476226150989532,0
2467.3416308656447,0.9998961091041565,0.011476226150989532,0
2467.3485756697382,0.9932777285575867,0.011476226150989532,2048
2467.3555204738327,0.9984294176101685,0.011476226150989532,0
2467.3624652779267,1.0138578414916992,0.011476226150989532,0
2467.3694100820194,0.9931080937385559,0.011476226150989532,0
2467.376354886115,1.0088047981262207,0.011476226150989532,0
2467.383299689963,0.9832220673561096,0.011476226150989532,0
2467.3902444935848,1.0049266815185547,0.011476226150989532,0
2467.397189297204,1.000548243522644,0.011476226150989532,0
2467.404134100827,1.0153988599777222,0.011476226150989532,0
2467.411078904446,0.9854446053504944,0.011476226150989532,0
2467.4180237080677,0.9922857880592346,0.011476226150989532,0
2467.4249685114455,1.0064513683319092,0.011476226150989532,0
2467.431913314594,1.001998782157898,0.011476226150989532,0
2467.4388581177427,0.9946085214614868,0.011476226150989532,0
2467.445802920892,1.0060176849365234,0.011476226150989532,0
2467.4527477240417,0.9946297407150269,0.011476226150989532,0
2467.4596925271894,0.9977360367774963,0.011476226150989532,0
2467.466637330095,1.0193722248077393,0.011476226150989532,0
2467.4735821327736,1.004474401473999,0.011476226150989532,0
2467.480526935453,1.0005385875701904,0.011476226150989532,0
2467.4874717381294,1.0107803344726562,0.011476226150989532,0
2467.494416540809,0.9898375272750854,0.011476226150989532,0
2467.501361343486,1.022059440612793,0.011476226150989532,0
2467.5083061459222,0.9948133230209351,0.011476226150989532,0
2467.5152509481313,1.0123757123947144,0.011476226150989532,0
2467.5221957503395,1.0085945129394531,0.011476226150989532,2048
2467.5291405525472,1.0098862648010254,0.011476226150989532,0
2467.5360853547563,1.008727788925171,0.011476226150989532,0
2467.5430301569645,1.0112509727478027,0.011476226150989532,0
2467.5499749589308,1.0149550437927246,0.011476226150989532,0
2467.55691976067,1.00091552734375,0.011476226150989532,0
2467.563864562411,1.0004621744155884,0.011476226150989532,0
2467.570809364151,1.0014265775680542,0.011476226150989532,2048
2467.5777541658895,0.9849275350570679,0.011476226150989532,0
2467.5846989676306,1.0053856372833252,0.011476226150989532,0
2467.591643769129,0.9912863969802856,0.011476226150989532,0
2467.5985885704004,0.9983129501342773,0.011476226150989532,0
2467.605533371673,1.0045957565307617,0.011476226150989532,2048
2467.612478172944,1.0303469896316528,0.011476226150989532,2048
2467.619422974217,0.9988544583320618,0.011476226150989532,0
2467.6263677754873,0.9937134981155396,0.011476226150989532,0
2467.640257377325,0.9800127148628235,0.011476226150989532,0
2467.6472021781306,1.0112476348876953,0.011476226150989532,0
2467.654146978937,1.0086652040481567,0.011476226150989532,0
2467.6610917797425,1.0098109245300293,0.011476226150989532,0
2467.6680365805487,1.003859281539917,0.011476226150989532,0
2467.674981381115,0.9973098635673523,0.011476226150989532,0
2467.6819261814544,0.9991507530212402,0.011476226150989532,2048
2467.688870981793,0.9975746870040894,0.011476226150989532,2048
2467.6958157821346,0.9918614029884338,0.011476226150989532,2048
2467.7027605824737,1.0112954378128052,0.011476226150989532,0
2467.7097053828143,1.0377711057662964,0.011476226150989532,0
2467.7166501829142,1.0167598724365234,0.011476226150989532,0
2467.7235949827905,1.000724196434021,0.011476226150989532,0
2467.730539782665,1.0152298212051392,0.011476226150989532,0
2467.7374845825416,1.0108661651611328,0.011476226150989532,0
2467.751374182293,1.0038710832595825,0.011476226150989532,0
2467.7583189819306,1.0104758739471436,0.011476226150989532,0
2467.7652637813426,1.0450687408447266,0.011476226150989532,0
2467.7722085807554,1.0553028583526611,0.011476226150989532,0
2467.7791533801665,1.0205849409103394,0.011476226150989532,0
2467.78609817958,0.9474742412567139,0.011476226150989532,0
2467.7930429789913,0.9350857138633728,0.011476226150989532,0
2467.799987778166,0.9027059674263,0.011476226150989532,0
2467.8069325771153,0.9082748889923096,0.011476226150989532,2048
2467.8138773760666,0.9123140573501587,0.011476226150989532,0
2467.8208221750174,0.9312921166419983,0.011476226150989532,0
2467.827766973966,0.9506465792655945,0.011476226150989532,0
2467.8347117729177,0.9786777496337891,0.011476226150989532,0
2467.8416565716284,1.0164177417755127,0.011476226150989532,2048
2467.8486013701176,1.0258235931396484,0.011476226150989532,0
2467.8555461686065,1.0139050483703613,0.011476226150989532,0
2467.862490967095,1.0135135650634766,0.011476226150989532,0
2467.869435765583,1.0175319910049438,0.011476226150989532,0
2467.8763805640738,1.014365315437317,0.011476226150989532,0
2467.883325362324,1.016647458076477,0.011476226150989532,2048
2467.8902701603524,1.0180385112762451,0.011476226150989532,0
2467.8972149583838,1.0037121772766113,0.011476226150989532,2048
2467.9041597564114,1.0120203495025635,0.011476226150989532,0
2467.9111045544396,1.0104355812072754,0.011476226150989532,0
2467.918049352469,1.019059181213379,0.011476226150989532,0
2467.9249941502617,1.0064160823822021,0.011476226150989532,0
2467.93193894783,1.0048331022262573,0.011476226150989532,0
2467.9388837454003,1.0033979415893555,0.011476226150989532,2048
2467.9458285429696,0.9855489134788513,0.011476226150989532,0
2467.952773340539,0.9932120442390442,0.011476226150989532,0
2467.9597181381073,1.0098646879196167,0.011476226150989532,0
2467.9666629354424,1.022441029548645,0.011476226150989532,0
2467.973607732555,0.9996024966239929,0.011476226150989532,0
2467.980552529665,0.9966671466827393,0.011476226150989532,0
2467.987497326779,1.0105959177017212,0.011476226150989532,0
2467.99444212389,1.000493049621582,0.011476226150989532,0
2468.0013869210015,0.9984942078590393,0.011476226150989532,0
2468.0083317178783,1.0078636407852173,0.011476226150989532,0
2468.0152765145326,0.9983792304992676,0.011476226150989532,0
2468.022221311187,1.002947449684143,0.011476226150989532,0
2468.036110904496,0.9999630451202393,0.011476226150989532,0
2468.043055701152,1.0130325555801392,0.011476226150989532,0
2468.0569452937707,0.9973466396331787,0.011476226150989532,0
2468.0708348861704,0.9959372282028198,0.011476226150989532,0
2468.077779682369,1.0020192861557007,0.011476226150989532,0
2468.084724478567,0.9902069568634033,0.011476226150989532,0
2468.091669274533,1.0229145288467407,0.011476226150989532,0
2468.098614070277,1.0234180688858032,0.011476226150989532,0
2468.105558866021,1.0074610710144043,0.011476226150989532,2048
2468.112503661764,1.0067540407180786,0.011476226150989532,0
2468.1194484575103,0.9873302578926086,0.011476226150989532,0
2468.126393253255,0.9919163584709167,0.011476226150989532,2048
2468.1333380487645,0.9956986308097839,0.011476226150989532,0
2468.1402828440573,0.9991111755371094,0.011476226150989532,0
2468.147227639346,1.0067108869552612,0.011476226150989532,0
2468.154172434638,0.9911654591560364,0.011476226150989532,0
2468.1611172299285,1.0309618711471558,0.011476226150989532,0
2468.16806202522,0.9778352975845337,0.011476226150989532,0
2468.175006820276,1.001006841659546,0.011476226150989532,0
2468.181951615116,1.006186604499817,0.011476226150989532,2048
2468.188896409953,1.0078858137130737,0.011476226150989532,0
2468.195841204792,1.0022015571594238,0.011476226150989532,0
2468.2027859996324,0.995816171169281,0.011476226150989532,0
2468.209730794469,0.9971599578857422,0.011476226150989532,0
2468.2166755890757,0.999319851398468,0.011476226150989532,0
2468.2236203834623,0.9969711303710938,0.011476226150989532,0
2468.23056517785,0.9977691173553467,0.011476226150989532,0
2468.237509972236,0.9895773530006409,0.011476226150989532,0
2468.244454766624,0.9929569363594055,0.011476226150989532,0
2468.25139956101,1.0062390565872192,0.011476226150989532,0
2468.2583443551653,0.9885609149932861,0.011476226150989532,0
2468.265289149102,1.003513216972351,0.011476226150989532,0
2468.2791787369756,1.0200653076171875,0.011476226150989532,0
2468.2861235309133,0.9937214851379395,0.011476226150989532,0
2468.293068324851,1.0054140090942383,0.011476226150989532,0
2468.3000131185545,1.003481149673462,0.011476226150989532,2048
2468.3069579120443,0.9949092268943787,0.011476226150989532,0
2468.313902705531,1.0021287202835083,0.011476226150989532,0
2468.3208474990192,1.0183110237121582,0.011476226150989532,2048
2468.327792292506,0.9915792942047119,0.011476226150989532,0
2468.334737085995,0.9955750107765198,0.011476226150989532,0
2468.3416818792502,0.9871616959571838,0.011476226150989532,0
2468.3486266722907,0.9893026947975159,0.011476226150989532,2048
2468.355571465331,0.980455219745636,0.011476226150989532,0
2468.36251625837,0.9952537417411804,0.011476226150989532,0
2468.3694610514103,1.0021915435791016,0.011476226150989532,0
2468.376405844451,0.9979422688484192,0.011476226150989532,0
2468.38335063726,0.9834902882575989,0.011476226150989532,0
2468.3902954298524,0.9802705645561218,0.011476226150989532,2048
2468.3972402224476,0.9938257336616516,0.011476226150989532,2048
2468.4041850150393,0.9997116923332214,0.011476226150989532,0
2468.4111298076323,1.0147746801376343,0.011476226150989532,0
2468.418074600226,0.9965894818305969,0.011476226150989532,0
2468.4250193925886,1.0024971961975098,0.011476226150989532,0
2468.431964184737,0.9824466705322266,0.011476226150989532,0
2468.438908976885,0.9907328486442566,0.011476226150989532,0
2468.4458537690325,0.9978925585746765,0.011476226150989532,0
2468.4527985611785,1.0031962394714355,0.011476226150989532,0
2468.459743353328,0.9810512065887451,0.011476226150989532,0
2468.466688145246,0.9945524334907532,0.011476226150989532,0
2468.473632936949,0.9769830703735352,0.011476226150989532,0
2468.4805777286524,0.981372058391571,0.011476226150989532,0
2468.4875225203555,0.9971035718917847,0.011476226150989532,0
2468.494467312058,0.998715877532959,0.011476226150989532,2048
2468.501412103762,0.9849278330802917,0.011476226150989532,0
2468.508356895237,1.0003862380981445,0.011476226150989532,0
2468.5153016864956,0.9919825792312622,0.011476226150989532,0
2468.522246477757,0.9926268458366394,0.011476226150989532,0
2468.529191269016,0.9916983246803284,0.011476226150989532,0
2468.5361360602765,0.9695119261741638,0.011476226150989532,2048
2468.5430808515375,1.0012329816818237,0.011476226150989532,0
2468.550025642569,1.0860289335250854,0.011476226150989532,2048
2468.5569704333852,1.0527678728103638,0.011476226150989532,0
2468.570860015023,1.04831862449646,0.011476226150989532,0
2468.5778048058405,0.9938535094261169,0.011476226150989532,0
2468.58474959666,1.019203782081604,0.011476226150989532,0
2468.5916943872494,1.0050359964370728,0.011476226150989532,0
2468.605583968004,1.021604061126709,0.011476226150989532,0
2468.612528758382,1.007735013961792,0.011476226150989532,0
2468.619473548758,1.0340555906295776,0.011476226150989532,0
2468.626418339137,1.0535160303115845,0.011476226150989532,0
2468.6333631292864,1.0291537046432495,0.011476226150989532,0
2468.6403079192246,1.0287636518478394,0.011476226150989532,0
2468.647252709163,1.0235931873321533,0.011476226150989532,0
2468.6541974991,1.0405124425888062,0.011476226150989532,2048
2468.661142289038,0.9991548657417297,0.011476226150989532,0
2468.668087078976,1.0060770511627197,0.011476226150989532,0
2468.675031868688,1.0000990629196167,0.011476226150989532,0
2468.6819766581866,1.0017776489257812,0.011476226150989532,0
2468.688921447688,0.9987054467201233,0.011476226150989532,0
2468.695866237186,1.0146456956863403,0.011476226150989532,0
2468.702811026686,0.9956715106964111,0.011476226150989532,0
2468.7097558161854,0.9912344217300415,0.011476226150989532,0
2468.71670060546,0.9987677931785583,0.011476226150989532,0
2468.723645394521,0.9836899042129517,0.011476226150989532,0
2468.7305901835853,1.0163750648498535,0.011476226150989532,0
2468.7375349726476,0.9877473711967468,0.011476226150989532,0
2468.7444797617095,0.9966609477996826,0.011476226150989532,0
2468.7514245507737,0.9923221468925476,0.011476226150989532,0
2468.7583693396105,0.992841899394989,0.011476226150989532,0
2468.7653141282376,0.9934966564178467,0.011476226150989532,0
2468.7722589168643,0.9688347578048706,0.011476226150989532,2048
2468.779203705492,0.9947826862335205,0.011476226150989532,0
2468.7861484941172,1.0068784952163696,0.011476226150989532,0
2468.793093282746,0.9862244725227356,0.011476226150989532,0
2468.800038071148,0.9914820194244385,0.011476226150989532,0
2468.8069828593407,0.9876232743263245,0.011476226150989532,0
2468.813927647534,0.985794186592102,0.011476226150989532,0
2468.820872435726,0.9942252039909363,0.011476226150989532,2048
2468.8278172239184,0.986221432685852,0.011476226150989532,0
2468.8347620121112,1.0060430765151978,0.011476226150989532,0
2468.8486515878394,1.0079219341278076,0.011476226150989532,0
2468.8555963756007,0.986285388469696,0.011476226150989532,0
2468.8764307388783,1.0017069578170776,0.011476226150989532,0
2468.8833755264154,0.9930921792984009,0.011476226150989532,2048
2468.890320313742,0.9938766956329346,0.011476226150989532,0
2468.8972651010713,0.9784190654754639,0.011476226150989532,0
2468.9042098883992,0.996096670627594,0.011476226150989532,0
2468.9111546757267,0.9870842099189758,0.011476226150989532,0
2468.9180994630565,0.999038815498352,0.011476226150989532,0
2468.9250442501607,0.9775344729423523,0.011476226150989532,0
2468.9319890370602,0.9775072932243347,0.011476226150989532,0
2468.9389338239566,1.008352518081665,0.011476226150989532,0
2468.9458786108544,0.9917039275169373,0.011476226150989532,0
2468.9528233977517,1.0119582414627075,0.011476226150989532,0
2468.95976818465,1.0184119939804077,0.011476226150989532,2048
2468.9667129713253,1.0066914558410645,0.011476226150989532,0
2468.973657757795,1.0080229043960571,0.011476226150989532,2048
2468.9806025442635,0.997068464756012,0.011476226150989532,0
2468.9944921172028,0.9864683747291565,0.011476226150989532,0
2469.00143690367,1.01041841506958,0.011476226150989532,2048
2469.0083816899178,0.9718769788742065,0.011476226150989532,0
2469.01532647596,0.932349443435669,0.011476226150989532,0
2469.022271262002,0.8974661827087402,0.011476226150989532,0
2469.0292160480417,0.8987950682640076,0.011476226150989532,0
2469.0361608340845,0.8858839869499207,0.011476226150989532,0
2469.0431056201246,0.8604896664619446,0.011476226150989532,0
2469.050050405947,0.8901338577270508,0.011476226150989532,0
2469.0569951915627,0.9216127991676331,0.011476226150989532,2048
2469.0639399771776,0.9543091058731079,0.011476226150989532,2048
2469.0708847627925,0.971229612827301,0.011476226150989532,0
2469.077829548409,1.0235745906829834,0.011476226150989532,0
2469.084774334025,1.0003960132598877,0.011476226150989532,2048
2469.09171911942,1.0069680213928223,0.011476226150989532,0
2469.105608689802,0.9878861904144287,0.011476226150989532,0
2469.1125534749935,0.9946184158325195,0.011476226150989532,0
2469.1194982601837,0.9989846348762512,0.011476226150989532,0
2469.1264430453743,0.9971612691879272,0.011476226150989532,0
2469.1333878303476,1.009127140045166,0.011476226150989532,0
2469.140332615116,0.9983839392662048,0.011476226150989532,0
2469.1472773998835,1.0129321813583374,0.011476226150989532,0
2469.1542221846526,1.019307255744934,0.011476226150989532,0
2469.1611669694207,1.0082061290740967,0.011476226150989532,0
2469.1681117541875,0.9991118907928467,0.011476226150989532,0
2469.175056538739,1.0209883451461792,0.011476226150989532,0
2469.1820013230845,1.005843997001648,0.011476226150989532,0
2469.1889461074315,0.9969812035560608,0.011476226150989532,0
2469.1958908917777,0.9800717234611511,0.011476226150989532,2048
2469.202835676124,1.013265609741211,0.011476226150989532,0
2469.209780460471,0.9890590310096741,0.011476226150989532,2048
2469.216725244601,1.0118496417999268,0.011476226150989532,0
2469.2236700285275,1.0059767961502075,0.011476226150989532,0
2469.230614812453,0.9984678626060486,0.011476226150989532,0
2469.237559596382,0.9993648529052734,0.011476226150989532,0
2469.2445043803077,1.0052456855773926,0.011476226150989532,0
2469.2514491642337,1.0103541612625122,0.011476226150989532,0
2469.258393947945,1.008325457572937,0.011476226150989532,0
2469.265338731454,1.0208684206008911,0.011476226150989532,0
2469.272283514961,1.0336424112319946,0.011476226150989532,0
2469.27922829847,1.0065773725509644,0.011476226150989532,2048
2469.286173081979,0.9868302345275879,0.011476226150989532,0
2469.3000626487815,1.017507553100586,0.011476226150989532,0
2469.307007431873,1.0075724124908447,0.011476226150989532,0
2469.313952214966,1.0033760070800781,0.011476226150989532,0
2469.3208969980565,1.0149846076965332,0.011476226150989532,0
2469.327841781148,0.9945133328437805,0.011476226150989532,0
2469.3347865642404,1.0259350538253784,0.011476226150989532,0
2469.3417313471177,1.0000042915344238,0.011476226150989532,0
2469.348676129794,1.0025821924209595,0.011476226150989532,2048
2469.355620912472,1.0108221769332886,0.011476226150989532,0
2469.362565695149,1.0086174011230469,0.011476226150989532,0
2469.3695104778244,1.0105006694793701,0.011476226150989532,0
2469.376455260503,1.004812240600586,0.011476226150989532,0
2469.3834000429665,0.9894255995750427,0.011476226150989532,0
2469.39034482523,1.0145920515060425,0.011476226150989532,0
2469.404234389758,1.0061827898025513,0.011476226150989532,0
2469.4111791720206,1.0022279024124146,0.011476226150989532,0
2469.4181239542845,1.0115822553634644,0.011476226150989532,2048
2469.4250687363356,1.0110105276107788,0.011476226150989532,0
2469.4320135181893,1.0072901248931885,0.011476226150989532,2048
2469.438958300041,1.0099607706069946,0.011476226150989532,0
2469.445903081892,1.0037691593170166,0.011476226150989532,0
2469.4528478637462,1.0101996660232544,0.011476226150989532,0
2469.459792645598,1.0029098987579346,0.011476226150989532,0
2469.4667374272385,1.0142160654067993,0.011476226150989532,0
2469.4806269901246,1.015020728111267,0.011476226150989532,0
2469.487571771566,0.9958531856536865,0.011476226150989532,2048
2469.494516553009,1.0195989608764648,0.011476226150989532,0
2469.501461334451,1.0265192985534668,0.011476226150989532,0
2469.508406115683,1.0158698558807373,0.011476226150989532,0
2469.515350896719,0.9939907789230347,0.011476226150989532,0
2469.522295677753,1.0262993574142456,0.011476226150989532,0
2469.5292404587904,1.000113844871521,0.011476226150989532,0
2469.543130020858,1.0197842121124268,0.011476226150989532,2048
2469.550074801684,1.0024486780166626,0.011476226150989532,2048
2469.5570195823125,1.024470329284668,0.011476226150989532,2048
2469.563964362941,1.007997989654541,0.011476226150989532,0
2469.57090914357,1.0175817012786865,0.011476226150989532,0
2469.5847987048273,0.9996986389160156,0.011476226150989532,2048
2469.5917434852495,1.0182546377182007,0.011476226150989532,0
2469.598688265473,1.0303337574005127,0.011476226150989532,0
2469.6056330456986,1.0025718212127686,0.011476226150989532,0
2469.612577825924,1.0179684162139893,0.011476226150989532,0
2469.619522606148,1.0264321565628052,0.011476226150989532,0
2469.626467386374,1.0174026489257812,0.011476226150989532,0
2469.633412166391,1.0247650146484375,0.011476226150989532,0
2469.640356946213,1.0101085901260376,0.011476226150989532,0
2469.647301726037,1.0129923820495605,0.011476226150989532,0
2469.654246505859,1.0061209201812744,0.011476226150989532,0
2469.6611912856815,0.9928255081176758,0.011476226150989532,0
2469.6681360655066,1.0155507326126099,0.011476226150989532,0
2469.675080845121,1.0136499404907227,0.011476226150989532,2048
2469.682025624545,1.0210387706756592,0.011476226150989532,0
2469.6889704039686,1.0016952753067017,0.011476226150989532,0
2469.695915183391,1.0190190076828003,0.011476226150989532,0
2469.702859962814,1.0252896547317505,0.011476226150989532,0
2469.709804742237,1.0142183303833008,0.011476226150989532,0
2469.7167495214544,1.0344164371490479,0.011476226150989532,0
2469.72369430048,1.018760323524475,0.011476226150989532,0
2469.7306390795047,1.0137197971343994,0.011476226150989532,0
2469.737583858529,1.009121060371399,0.011476226150989532,0
2469.744528637556,1.017082691192627,0.011476226150989532,2048
2469.7514734165807,1.0148630142211914,0.011476226150989532,0
2469.758418195401,1.0057801008224487,0.011476226150989532,0
2469.7723077526603,1.0115667581558228,0.011476226150989532,0
2469.779252531289,1.0466299057006836,0.011476226150989532,0
2469.786197309919,1.0311087369918823,0.011476226150989532,0
2469.793142088547,1.0284563302993774,0.011476226150989532,0
2469.800086866976,1.0042144060134888,0.011476226150989532,0
2469.80703164521,1.0249520540237427,0.011476226150989532,2048
2469.813976423445,1.0265977382659912,0.011476226150989532,0
2469.820921201683,0.9970847964286804,0.011476226150989532,2048
2469.8278659799184,1.030632495880127,0.011476226150989532,0
2469.8417555361884,1.0252171754837036,0.011476226150989532,0
2469.8487003140326,1.0187957286834717,0.011476226150989532,0
2469.855645091877,1.0173500776290894,0.011476226150989532,0
2469.862589869722,1.0096378326416016,0.011476226150989532,0
2469.869534647565,1.0176372528076172,0.011476226150989532,0
2469.8764794254125,1.0219312906265259,0.011476226150989532,2048
2469.8834242030543,1.0299763679504395,0.011476226150989532,0
2469.8903689805097,1.0064115524291992,0.011476226150989532,0
2469.8973137579674,1.0189788341522217,0.011476226150989532,2048
2469.9042585354227,1.031119465827942,0.011476226150989532,0
2469.9112033128777,1.0207699537277222,0.011476226150989532,0
2469.918148090334,1.0105544328689575,0.011476226150989532,2048
2469.9250928675897,1.0049633979797363,0.011476226150989532,0
2469.9320376446585,1.0256375074386597,0.011476226150989532,0
2469.9389824217283,1.0228559970855713,0.011476226150989532,0
2469.945927198796,1.0073119401931763,0.011476226150989532,2048
2469.9528719758678,1.012392520904541,0.011476226150989532,0
2469.9598167529352,1.0149223804473877,0.011476226150989532,2048
2469.966761529806,1.0200313329696655,0.011476226150989532,0
2469.9806510831777,1.0348052978515625,0.011476226150989532,0
2469.9875958598623,1.0375200510025024,0.011476226150989532,0
2469.994540636547,1.0230015516281128,0.011476226150989532,0
2470.001485413233,1.0143122673034668,0.011476226150989532,0
2470.0084301897214,1.0463566780090332,0.011476226150989532,0
2470.0153749660244,1.0297110080718994,0.011476226150989532,0
2470.022319742328,1.0331215858459473,0.011476226150989532,0
2470.029264518633,1.0221761465072632,0.011476226150989532,0
2470.036209294936,1.024459719657898,0.011476226150989532,0
2470.043154071239,1.0379834175109863,0.011476226150989532,0
2470.050098847348,1.013787031173706,0.011476226150989532,0
2470.057043623273,1.022676706314087,0.011476226150989532,0
2470.063988399197,1.0300252437591553,0.011476226150989532,0
2470.0709331751223,1.0246514081954956,0.011476226150989532,0
2470.0778779510465,1.017205834388733,0.011476226150989532,0
2470.0848227269717,1.0131539106369019,0.011476226150989532,0
2470.091767502702,1.0327308177947998,0.011476226150989532,0
2470.0987122782503,1.027771234512329,0.011476226150989532,0
2470.1056570538008,1.0230411291122437,0.011476226150989532,0
2470.112601829348,1.0116584300994873,0.011476226150989532,0
2470.119546604896,1.0395045280456543,0.011476226150989532,0
2470.126491380446,1.026975393295288,0.011476226150989532,0
2470.1334361558015,1.0266931056976318,0.011476226150989532,0
2470.1403809309772,1.0158448219299316,0.011476226150989532,0
2470.147325706152,1.0131194591522217,0.011476226150989532,0
2470.154270481327,1.0293900966644287,0.011476226150989532,0
2470.1612152565026,1.0190953016281128,0.011476226150989532,0
2470.1681600316774,1.0119974613189697,0.011476226150989532,0
2470.1751048066612,1.0277055501937866,0.011476226150989532,0
2470.1820495814677,1.0350643396377563,0.011476226150989532,0
2470.188994356271,1.02128267288208,0.011476226150989532,0
2470.195939131077,1.043138027191162,0.011476226150989532,0
2470.2028839058817,1.0243288278579712,0.011476226150989532,0
2470.209828680685,1.0433869361877441,0.011476226150989532,0
2470.2167734553013,1.0330396890640259,0.011476226150989532,0
2470.223718229738,1.0191218852996826,0.011476226150989532,2048
2470.230663004175,1.000025749206543,0.011476226150989532,0
2470.237607778613,1.0044193267822266,0.011476226150989532,0
2470.2445525530507,0.9758424162864685,0.011476226150989532,0
2470.2584421017373,0.9081407189369202,0.011476226150989532,0
2470.265386875809,0.8956316113471985,0.011476226150989532,0
2470.2723316498827,0.8832210302352905,0.011476226150989532,0
2470.2792764239553,0.8972349166870117,0.011476226150989532,0
2470.286221198027,0.92178875207901,0.011476226150989532,2048
2470.293165972102,0.9368070363998413,0.011476226150989532,0
2470.300110745987,0.9810339212417603,0.011476226150989532,0
2470.3070555197,1.0019373893737793,0.011476226150989532,0
2470.31400029341,1.0115324258804321,0.011476226150989532,0
2470.3209450671225,1.0185483694076538,0.011476226150989532,2048
2470.3348346145453,1.024107575416565,0.011476226150989532,0
2470.341779388071,1.0136412382125854,0.011476226150989532,0
2470.3487241614257,1.022825002670288,0.011476226150989532,0
2470.355668934779,1.0340344905853271,0.011476226150989532,0
2470.362613708133,1.0167651176452637,0.011476226150989532,2048
2470.3695584814873,1.0329326391220093,0.011476226150989532,0
2470.376503254839,1.0417320728302002,0.011476226150989532,0
2470.3834480280116,1.0318913459777832,0.011476226150989532,0
2470.390392801009,1.011208176612854,0.011476226150989532,0
2470.3973375740084,1.0165661573410034,0.011476226150989532,0
2470.4042823470068,1.016772747039795,0.011476226150989532,0
2470.4112271200065,1.031211018562317,0.011476226150989532,0
2470.418171893005,1.010356068611145,0.011476226150989532,0
2470.425116665823,1.031408667564392,0.011476226150989532,0
2470.4320614384706,1.0249392986297607,0.011476226150989532,0
2470.4390062111192,1.0429730415344238,0.011476226150989532,0
2470.4459509837675,0.9983147382736206,0.011476226150989532,0
2470.4528957564153,0.9985494613647461,0.011476226150989532,0
2470.4598405290635,1.0232641696929932,0.011476226150989532,0
2470.4667853015308,1.029034972190857,0.011476226150989532,0
2470.4737300738325,1.0291582345962524,0.011476226150989532,0
2470.4806748461315,1.0165436267852783,0.011476226150989532,0
2470.4945643907326,1.0030099153518677,0.011476226150989532,0
2470.5015091630335,1.015769600868225,0.011476226150989532,0
2470.5084539351583,1.005374550819397,0.011476226150989532,0
2470.515398707114,1.0107378959655762,0.011476226150989532,0
2470.522343479071,1.0046764612197876,0.011476226150989532,2048
2470.5292882510275,1.0073883533477783,0.011476226150989532,0
2470.5362330229846,1.0101739168167114,0.011476226150989532,0
2470.54317779494,1.001613736152649,0.011476226150989532,0
2470.550122566723,0.9920240044593811,0.011476226150989532,0
2470.5570673383386,1.0025533437728882,0.011476226150989532,0
2470.5640121099573,1.0175532102584839,0.011476226150989532,0
2470.570956881573,0.9937370419502258,0.011476226150989532,0
2470.5779016531906,1.0022039413452148,0.011476226150989532,2048
2470.5848464248093,1.004976511001587,0.011476226150989532,0
2470.591791196252,1.006637454032898,0.011476226150989532,0
2470.5987359675346,1.0014456510543823,0.011476226150989532,2048
2470.6056807388145,0.9935731887817383,0.011476226150989532,0
2470.612625510096,0.9922307133674622,0.011476226150989532,0
2470.619570281377,1.0068862438201904,0.011476226150989532,0
2470.633459823768,1.014886498451233,0.011476226150989532,0
2470.6404045947193,1.0045678615570068,0.011476226150989532,2048
2470.6473493656677,1.005357265472412,0.011476226150989532,0
2470.6542941366197,1.0157045125961304,0.011476226150989532,0
2470.66123890757,1.0013660192489624,0.011476226150989532,0
2470.6681836785183,1.0030455589294434,0.011476226150989532,2048
2470.6751284493007,0.9874968528747559,0.011476226150989532,0
2470.682073219922,0.9991499781608582,0.011476226150989532,0
2470.6890179905463,0.9956082701683044,0.011476226150989532,0
2470.6959627611677,0.9923424124717712,0.011476226150989532,2048
2470.702907531791,0.9861183166503906,0.011476226150989532,0
2470.7098523024133,0.9970523715019226,0.011476226150989532,2048
2470.7167970728706,0.9697475433349609,0.011476226150989532,0
2470.723741843169,1.0184050798416138,0.011476226150989532,0
2470.730686613471,0.9866532683372498,0.011476226150989532,0
2470.7376313837717,0.9805096387863159,0.011476226150989532,0
2470.7445761540716,0.9961304068565369,0.011476226150989532,0
2470.751520924372,0.9987097382545471,0.011476226150989532,0
2470.758465694507,1.0049128532409668,0.011476226150989532,0
2470.7654104644907,0.9905383586883545,0.011476226150989532,0
2470.772355234472,0.9993475079536438,0.011476226150989532,0
2470.7793000044558,0.992533802986145,0.011476226150989532,0
2470.786244774438,0.9900743961334229,0.011476226150989532,0
2470.79318954442,0.993139922618866,0.011476226150989532,0
2470.800134314241,0.9921150803565979,0.011476226150989532,0
2470.8140238535807,0.9918298125267029,0.011476226150989532,0
2470.820968623249,0.9673490524291992,0.011476226150989532,0
2470.8279133929186,0.9994325637817383,0.011476226150989532,0
2470.8348581625887,0.9767403602600098,0.011476226150989532,2048
2470.8418029320987,0.9876922965049744,0.011476226150989532,0
2470.848747701459,0.994246244430542,0.011476226150989532,0
2470.8556924708223,0.9796943664550781,0.011476226150989532,0
2470.8626372401836,1.0283993482589722,0.011476226150989532,0
2470.8695820095463,0.9734954237937927,0.011476226150989532,0
2470.8765267789067,1.0021077394485474,0.011476226150989532,0
2470.8834715481116,1.0092556476593018,0.011476226150989532,0
2470.890416317172,0.9942725896835327,0.011476226150989532,0
2470.89736108623,0.9960765838623047,0.011476226150989532,0
2470.9043058552907,0.9844892621040344,0.011476226150989532,0
2470.911250624349,0.9845953583717346,0.011476226150989532,2048
2470.9181953934076,1.002903938293457,0.011476226150989532,0
2470.925140162314,0.9918323755264282,0.011476226150989532,0
2470.9320849310757,0.9724820852279663,0.011476226150989532,0
2470.939029699838,0.9788751006126404,0.011476226150989532,0
2470.9459744685996,0.982610821723938,0.011476226150989532,2048
2470.952919237361,0.9756207466125488,0.011476226150989532,0
2470.9598640061245,0.9906516075134277,0.011476226150989532,0
2470.966808774736,0.9797588586807251,0.011476226150989532,0
2470.9737535432077,0.9769701957702637,0.011476226150989532,0
2470.980698311678,0.9757149815559387,0.011476226150989532,0
2470.9876430801482,0.9914407134056091,0.011476226150989532,0
2470.9945878486205,0.9961029887199402,0.011476226150989532,0
2471.00153261709,0.9784547686576843,0.011476226150989532,0
2471.008477385415,0.9802404642105103,0.011476226150989532,2048
2471.015422153599,0.9701814651489258,0.011476226150989532,0
2471.0223669217844,0.983913242816925,0.011476226150989532,0
2471.02931168997,0.9904658198356628,0.011476226150989532,0
2471.0362564581565,1.0002224445343018,0.011476226150989532,0
2471.0432012263436,0.997841477394104,0.011476226150989532,0
2471.0501459943844,0.9961307048797607,0.011476226150989532,0
2471.0570907622914,0.9755289554595947,0.011476226150989532,0
2471.0640355301975,0.9741091132164001,0.011476226150989532,0
2471.0709802981046,0.9997885227203369,0.011476226150989532,0
2471.07792506601,0.9836073517799377,0.011476226150989532,0
2471.0848698339178,0.9787875413894653,0.011476226150989532,0
2471.0918146016825,0.9949836730957031,0.011476226150989532,0
2471.098759369318,0.9895788431167603,0.011476226150989532,2048
2471.105704136951,0.9756399393081665,0.011476226150989532,0
2471.112648904586,1.0073338747024536,0.011476226150989532,0
2471.1195936722215,0.9647185802459717,0.011476226150989532,2048
2471.1265384398544,0.9809415936470032,0.011476226150989532,0
2471.133483207353,0.9778369665145874,0.011476226150989532,0
2471.1404279747203,0.9717259407043457,0.011476226150989532,0
2471.1473727420885,0.9829049706459045,0.011476226150989532,2048
2471.1543175094575,0.9888039231300354,0.011476226150989532,0
2471.161262276827,0.9878135919570923,0.011476226150989532,0
2471.1682070441952,0.9930538535118103,0.011476226150989532,0
2471.1751518114315,1.0049184560775757,0.011476226150989532,0
2471.1890413456517,0.9840683341026306,0.011476226150989532,0
2471.1959861127625,0.9844949245452881,0.011476226150989532,2048
2471.2029308798724,0.9778844118118286,0.011476226150989532,0
2471.209875646983,0.9884348511695862,0.011476226150989532,0
2471.2168204139625,0.99073725938797,0.011476226150989532,6144
2471.223765180823,0.9913687705993652,0.011476226150989532,6144
2471.230709947681,1.0050890445709229,0.011476226150989532,4096
2471.2376547145423,0.992688000202179,0.011476226150989532,4096
2471.2445994813993,1.0014182329177856,0.011476226150989532,4096
2471.2515442482595,0.9895274639129639,0.011476226150989532,4096
2471.258489014994,0.9901173114776611,0.011476226150989532,6144
2471.2654337816098,0.998014509677887,0.011476226150989532,4096
2471.2723785482262,0.9881954789161682,0.011476226150989532,6144
2471.279323314842,0.9855143427848816,0.011476226150989532,4096
2471.2862680814587,1.006491780281067,0.011476226150989532,4096
2471.2932128480743,1.0168068408966064,0.011476226150989532,4096
2471.30015761457,0.9821528196334839,0.011476226150989532,6144
2471.3071023809516,1.016038417816162,0.011476226150989532,4096
2471.3140471473325,1.0064085721969604,0.011476226150989532,4096
2471.320991913712,0.973715603351593,0.011476226150989532,4096
2471.3279366800957,1.0069382190704346,0.011476226150989532,4096
2471.3348814464757,0.9886175990104675,0.011476226150989532,4096
2471.3418262127407,0.9917067289352417,0.011476226150989532,4096
2471.348770978894,1.0079330205917358,0.011476226150989532,4096
2471.355715745052,1.0046100616455078,0.011476226150989532,4096
2471.362660511206,0.989702582359314,0.011476226150989532,4096
2471.3765500435165,1.0094448328018188,0.011476226150989532,6144
2471.3904395754957,1.0088701248168945,0.011476226150989532,4096
2471.397384341433,0.9844099879264832,0.011476226150989532,4096
2471.40432910737,0.99415522813797,0.011476226150989532,4096
2471.411273873308,0.9835993647575378,0.011476226150989532,4096
2471.4182186392445,0.9834913611412048,0.011476226150989532,4096
2471.425163405075,1.01094388961792,0.011476226150989532,4096
2471.432108170806,1.0179522037506104,0.011476226150989532,4096
2471.4390529365346,0.9904581904411316,0.011476226150989532,4096
2471.445997702265,1.019693374633789,0.011476226150989532,4096
2471.4529424679945,0.9961281418800354,0.011476226150989532,4096
2471.4598872337237,1.02329421043396,0.011476226150989532,6144
2471.4668319993507,0.9843651652336121,0.011476226150989532,4096
2471.4737767648817,0.9687138199806213,0.011476226150989532,4096
2471.4807215304145,0.9293877482414246,0.011476226150989532,6144
2471.4876662959446,0.9197461009025574,0.011476226150989532,4096
2471.494611061478,0.8814527988433838,0.011476226150989532,4096
2471.5015558270075,0.8786965608596802,0.011476226150989532,4096
2471.515445357788,0.901519775390625,0.011476226150989532,6144
2471.52239012313,0.9148577451705933,0.011476226150989532,4096
2471.5293348884757,0.9532988667488098,0.011476226150989532,4096
2471.536279653818,0.99468994140625,0.011476226150989532,4096
2471.543224419161,1.0323926210403442,0.011476226150989532,4096
2471.5501691844142,0.9972206354141235,0.011476226150989532,4096
2471.5571139495823,1.0354653596878052,0.011476226150989532,6144
2471.5640587147486,1.0164310932159424,0.011476226150989532,4096
2471.5710034799163,1.0252372026443481,0.011476226150989532,4096
2471.577948245084,1.0134702920913696,0.011476226150989532,4096
2471.58489301025,1.0242671966552734,0.011476226150989532,4096
2471.5918377753314,1.020517110824585,0.011476226150989532,4096
2471.598782540334,1.012573003768921,0.011476226150989532,4096
2471.6126720703373,1.003601312637329,0.011476226150989532,4096
2471.61961683534,0.999767005443573,0.011476226150989532,4096
2471.62656160034,0.9964458346366882,0.011476226150989532,4096
2471.6335063652646,0.9915291666984558,0.011476226150989532,4096
2471.640451130112,0.9990971684455872,0.011476226150989532,4096
2471.647395894962,1.0358730554580688,0.011476226150989532,6144
2471.6543406598103,1.0061955451965332,0.011476226150989532,4096
2471.661285424658,1.0198438167572021,0.011476226150989532,4096
2471.668230189508,1.0008816719055176,0.011476226150989532,4096
2471.675174954283,1.0024454593658447,0.011476226150989532,4096
2471.682119718993,1.0203099250793457,0.011476226150989532,4096
2471.6890644836994,1.0141030550003052,0.011476226150989532,4096
2471.6960092484105,1.0307741165161133,0.011476226150989532,4096
2471.7029540131175,0.9950661063194275,0.011476226150989532,4096
2471.709898777825,0.9983080625534058,0.011476226150989532,4096
2471.7168435424683,1.0090293884277344,0.011476226150989532,4096
2471.723788307049,0.9880445003509521,0.011476226150989532,4096
2471.7307330716308,0.9973378777503967,0.011476226150989532,4096
2471.7376778362113,1.0097025632858276,0.011476226150989532,4096
2471.7446226007933,0.9969401955604553,0.011476226150989532,4096
2471.751567365375,1.0038731098175049,0.011476226150989532,4096
2471.758512129898,1.0075706243515015,0.011476226150989532,4096
2471.7654568943667,0.9713882803916931,0.011476226150989532,4096
2471.7724016588354,1.0215907096862793,0.011476226150989532,6144
2471.7793464233027,1.0280864238739014,0.011476226150989532,4096
2471.7862911877714,1.0121439695358276,0.011476226150989532,4096
2471.7932359522383,1.0179499387741089,0.011476226150989532,6144
2471.800180716659,1.029617190361023,0.011476226150989532,4096
2471.807125481028,1.019374966621399,0.011476226150989532,4096
2471.8140702454,0.992252767086029,0.011476226150989532,4096
2471.821015009771,1.015773892402649,0.011476226150989532,4096
2471.8279597741403,1.0128017663955688,0.011476226150989532,6144
2471.834904538511,0.990359902381897,0.011476226150989532,4096
2471.841849302839,1.003448486328125,0.011476226150989532,4096
2471.8487940671284,0.9978451728820801,0.011476226150989532,4096
2471.8557388314157,1.0297679901123047,0.011476226150989532,6144
2471.862683595704,1.0025840997695923,0.011476226150989532,4096
2471.8696283599925,0.9833465814590454,0.011476226150989532,4096
2471.876573124282,1.0058035850524902,0.011476226150989532,4096
2471.883517888536,1.0425715446472168,0.011476226150989532,6144
2471.8904626527597,1.0476133823394775,0.011476226150989532,4096
2471.8974074169837,1.004245400428772,0.011476226150989532,4096
2471.911296945428,1.0102630853652954,0.011476226150989532,4096
2471.9182417096517,1.0078098773956299,0.011476226150989532,4096
2471.9251864738503,1.0138843059539795,0.011476226150989532,4096
2471.9321312380252,1.0063581466674805,0.011476226150989532,4096
2471.9390760022015,0.9873887300491333,0.011476226150989532,4096
2471.946020766377,1.0261523723602295,0.011476226150989532,4096
2471.952965530552,1.008967399597168,0.011476226150989532,4096
2471.959910294726,1.0238226652145386,0.011476226150989532,4096
2471.966855058887,1.0313401222229004,0.011476226150989532,6144
2471.973799823034,1.0181591510772705,0.011476226150989532,4096
2471.9807445871797,1.0281926393508911,0.011476226150989532,4096
2471.9876893513265,1.0172688961029053,0.011476226150989532,4096
2471.994634115471,1.0174363851547241,0.011476226150989532,4096
2472.001578879619,1.009536623954773,0.011476226150989532,4096
2472.008523643759,1.0346263647079468,0.011476226150989532,4096
2472.0154684078975,1.0277414321899414,0.011476226150989532,4096
2472.0293579361714,0.9974797964096069,0.011476226150989532,4096
2472.036302700307,1.0354968309402466,0.011476226150989532,4096
2472.043247464444,0.993964433670044,0.011476226150989532,6144
2472.050192228589,0.9996685981750488,0.011476226150989532,4096
2472.0571369927356,1.0128538608551025,0.011476226150989532,4096
2472.0640817568874,1.0168479681015015,0.011476226150989532,6144
2472.0710265210346,1.029445767402649,0.011476226150989532,6144
2472.0779712851836,1.0191482305526733,0.011476226150989532,4096
2472.0849160493317,1.0350340604782104,0.011476226150989532,4096
2472.0918608134975,0.9784435033798218,0.011476226150989532,4096
2472.0988055776807,1.0502973794937134,0.011476226150989532,6144
2472.105750341863,0.9997508525848389,0.011476226150989532,4096
2472.112695106046,1.0428439378738403,0.011476226150989532,4096
2472.119639870229,1.023521900177002,0.011476226150989532,4096
2472.1265846344113,1.007767677307129,0.011476226150989532,4096
2472.1335293986244,1.0235507488250732,0.011476226150989532,4096
2472.140474162865,1.0312366485595703,0.011476226150989532,4096
2472.147418927105,1.0082470178604126,0.011476226150989532,4096
2472.1543636913448,1.0202114582061768,0.011476226150989532,6144
2472.161308455585,1.0310173034667969,0.011476226150989532,6144
2472.168253219826,1.0074515342712402,0.011476226150989532,4096
2472.1751979841074,1.0164880752563477,0.011476226150989532,4096
2472.1821427484324,1.0255564451217651,0.011476226150989532,4096
2472.1890875127538,1.0091643333435059,0.011476226150989532,6144
2472.1960322770783,1.0074806213378906,0.011476226150989532,4096
2472.202977041402,1.0242785215377808,0.011476226150989532,4096
2472.2099218057247,1.022293210029602,0.011476226150989532,4096
2472.2168665701047,1.008658528327942,0.011476226150989532,4096
2472.2238113345356,0.9769126176834106,0.011476226150989532,4096
2472.2307560989693,1.0172553062438965,0.011476226150989532,4096
2472.2377008634007,1.0259875059127808,0.011476226150989532,4096
2472.244645627835,1.0080076456069946,0.011476226150989532,4096
2472.2515903922663,0.9916792511940002,0.011476226150989532,4096
2472.258535156771,1.0219918489456177,0.011476226150989532,4096
2472.265479921341,1.003450870513916,0.011476226150989532,4096
2472.2793694504826,0.9754229784011841,0.011476226150989532,4096
2472.286314215052,1.030174732208252,0.011476226150989532,4096
2472.293258979624,1.0062777996063232,0.011476226150989532,6144
2472.3002037442793,1.0309408903121948,0.011476226150989532,4096
2472.307148509021,1.0330238342285156,0.011476226150989532,4096
2472.314093273758,1.041377067565918,0.011476226150989532,4096
2472.321038038496,1.0075613260269165,0.011476226150989532,4096
2472.327982803235,0.9956724643707275,0.011476226150989532,4096
2472.3349275679734,0.9915997385978699,0.011476226150989532,4096
2472.3418723328155,1.0156646966934204,0.011476226150989532,6144
2472.3488170977544,1.0500667095184326,0.011476226150989532,4096
2472.355761862696,1.048360824584961,0.011476226150989532,4096
2472.3627066276335,1.027011752128601,0.011476226150989532,4096
2472.369651392572,0.9948135018348694,0.011476226150989532,4096
2472.376596157512,0.9919881224632263,0.011476226150989532,4096
2472.383540922572,1.012887954711914,0.011476226150989532,4096
2472.3904856877457,1.0058891773223877,0.011476226150989532,4096
2472.397430452919,1.0138216018676758,0.011476226150989532,6144
2472.4043752180933,1.0085663795471191,0.011476226150989532,4096
2472.4113199832673,1.0118353366851807,0.011476226150989532,6144
2472.41826474844,1.0158679485321045,0.011476226150989532,4096
2472.4252095137554,1.0141831636428833,0.011476226150989532,4096
2472.4321542792013,1.013527750968933,0.011476226150989532,4096
2472.439099044646,0.990122377872467,0.011476226150989532,4096
2472.446043810092,1.0119613409042358,0.011476226150989532,4096
2472.452988575537,1.0107762813568115,0.011476226150989532,4096
2472.4599333409824,1.036080241203308,0.011476226150989532,4096
2472.4668781065866,1.0363116264343262,0.011476226150989532,4096
2472.473822872344,0.9978851675987244,0.011476226150989532,4096
2472.4807676380983,0.9998012781143188,0.011476226150989532,4096
2472.487712403856,1.046105146408081,0.011476226150989532,4096
2472.4946571696105,1.0467339754104614,0.011476226150989532,6144
2472.501601935368,1.003099799156189,0.011476226150989532,4096
2472.508546701306,1.0107979774475098,0.011476226150989532,4096
2472.5154914674135,1.0350273847579956,0.011476226150989532,4096
2472.5224362335225,1.0446813106536865,0.011476226150989532,4096
2472.529380999629,1.0153603553771973,0.011476226150989532,4096
2472.5363257657395,1.0628553628921509,0.011476226150989532,4096
2472.543270531846,1.0215110778808594,0.011476226150989532,6144
2472.5502152981608,0.9940406680107117,0.011476226150989532,4096
2472.557160064666,1.0432307720184326,0.011476226150989532,4096
2472.577994364181,1.0327568054199219,0.011476226150989532,4096
2472.5918838974208,1.0237175226211548,0.011476226150989532,4096
2472.5988286643724,1.0366355180740356,0.011476226150989532,6144
2472.605773431322,1.0038186311721802,0.011476226150989532,4096
2472.6127181982733,0.9876658916473389,0.011476226150989532,4096
2472.619662965222,1.0132532119750977,0.011476226150989532,4096
2472.626607732172,1.0554473400115967,0.011476226150989532,4096
2472.633552499377,1.0471831560134888,0.011476226150989532,4096
2472.640497266822,0.9917249083518982,0.011476226150989532,4096
2472.647442034268,0.9654076099395752,0.011476226150989532,4096
2472.654386801714,1.0335414409637451,0.011476226150989532,4096
2472.6613315691607,0.9745998978614807,0.011476226150989532,4096
2472.668276336605,1.0160166025161743,0.011476226150989532,4096
2472.6752211043354,1.001816987991333,0.011476226150989532,4096
2472.6821658723293,0.9995133876800537,0.011476226150989532,4096
2472.6891106403245,1.027942180633545,0.011476226150989532,4096
2472.6960554083194,0.9879563450813293,0.011476226150989532,6144
2472.703000176315,0.9266924858093262,0.011476226150989532,4096
2472.70994494431,0.9102966785430908,0.011476226150989532,4096
2472.7168897126194,0.9170448184013367,0.011476226150989532,4096
2472.723834481223,0.9060388803482056,0.011476226150989532,6144
2472.7307792498254,0.8710541129112244,0.011476226150989532,6144
2472.73772401843,0.8772525787353516,0.011476226150989532,4096
2472.7446687870315,0.8563895225524902,0.011476226150989532,4096
2472.7516135556352,0.837527334690094,0.011476226150989532,4096
2472.7585583245827,0.8993293642997742,0.011476226150989532,4096
2472.765503093856,0.9152615666389465,0.011476226150989532,4096
2472.7724478631294,0.9098391532897949,0.011476226150989532,4096
2472.7793926324016,0.9640524983406067,0.011476226150989532,6144
2472.7863374016747,0.985016405582428,0.011476226150989532,4096
2472.793282170947,0.9931375980377197,0.011476226150989532,6144
2472.8002269405983,0.9977518916130066,0.011476226150989532,4096
2472.8071717106072,0.9866964817047119,0.011476226150989532,4096
2472.8141164806157,1.038772702217102,0.011476226150989532,4096
2472.828006020632,1.0016725063323975,0.011476226150989532,4096
2472.834950790641,0.901149570941925,0.011476226150989532,4096
2472.841895561064,1.0289387702941895,0.011476226150989532,6144
2472.8488403318784,0.9763720035552979,0.011476226150989532,4096
2472.8557851026926,0.9566917419433594,0.011476226150989532,4096
2472.862729873505,0.9410952925682068,0.011476226150989532,4096
2472.869674644319,0.973720908164978,0.011476226150989532,4096
2472.876619415132,1.0080496072769165,0.011476226150989532,4096
2472.883564186401,0.9172323942184448,0.011476226150989532,4096
2472.8905089580944,0.9824790358543396,0.011476226150989532,4096
2472.897453729789,1.0495994091033936,0.011476226150989532,4096
2472.9043985014832,0.8798760175704956,0.011476226150989532,4096
2472.9113432731765,0.9479832053184509,0.011476226150989532,6144
2472.91828804487,1.1069214344024658,0.011476226150989532,4096
2472.9252328170573,1.0854947566986084,0.011476226150989532,4096
2472.932177589711,0.9563450813293457,0.011476226150989532,4096
2472.939122362362,1.0028200149536133,0.011476226150989532,4096
2472.946067135016,1.0071606636047363,0.011476226150989532,4096
2472.9530119076667,0.5613467693328857,0.011476226150989532,4096
2472.959956680321,0.5217978954315186,0.011476226150989532,4096
2472.966901453511,0.7779106497764587,0.011476226150989532,4096
2472.973846227205,0.8023861050605774,0.011476226150989532,4096
2472.9807910009,0.36844348907470703,0.011476226150989532,6144
2472.9877357745927,0.7865586280822754,0.011476226150989532,4096
2472.994680548288,0.42262086272239685,0.011476226150989532,4096
2473.001625321981,0.5679395198822021,0.011476226150989532,4096
2473.0085700962595,0.653157651424408,0.011476226150989532,4096
2473.015514871081,0.7447494268417358,0.011476226150989532,4096
2473.0224596459075,1.152266263961792,0.011476226150989532,4096
2473.0294044207294,0.8309416770935059,0.011476226150989532,4096
2473.036349195553,1.2565925121307373,0.011476226150989532,4096
2473.043293970377,1.0277892351150513,0.011476226150989532,4096
2473.05023874583,1.3581526279449463,0.011476226150989532,6144
2473.0571835218734,1.3470096588134766,0.011476226150989532,4096
2473.064128297916,1.3589917421340942,0.011476226150989532,4096
2473.0710730739625,1.2370425462722778,0.011476226150989532,4096
2473.078017850005,0.7405175566673279,0.011476226150989532,4096
2473.08496262605,0.3177487552165985,0.011476226150989532,4096
2473.0919074027706,2.116990327835083,0.011476226150989532,4096
2473.0988521801305,3.3359572887420654,0.011476226150989532,6144
2473.105796957488,4.856869697570801,0.011476226150989532,4096
2473.112741734848,5.404224872589111,0.011476226150989532,4096
2473.119686512208,5.693511962890625,0.011476226150989532,6144
2473.1266312895646,6.679590225219727,0.011476226150989532,4096
2473.133576067653,6.062489986419678,0.011476226150989532,4096
2473.1405208464225,6.247747898101807,0.011476226150989532,4096
2473.147465625195,2.3159000873565674,0.011476226150989532,4096
2473.154410403964,1.4354534149169922,0.011476226150989532,4096
2473.1613551827363,0.25588396191596985,0.011476226150989532,4096
